Array,Site_Name,Year,Latitude,Longitude,Start_Date,End_Date,Survey_Nights,Habitat,Development_Level,Humans_Per_Camera,Predator_Occupancy,Humans_Per_Camera_Per_Day_1,Disturbance_1
Tucson,AZ_Desert_BC1_dep1_2022,2022,32.303397,-110.803233,2022-08-18,2022-11-12,86,Desert,Suburban,60,0.0010216989532589307,0.38531942728803714,2.1250379010151184
Tucson,AZ_Desert_LP7_dep1_2022,2022,32.1865,-110.801335,2022-09-11,2022-10-27,46,Desert,Suburban,4,0.004159083962888416,-0.2660128594456308,2.2783683157962633
McDowell,AZ_Desert_McDowell_Sonoran_Preserve_10_2019,2019,33.74075,-111.80756,2019-08-26,2019-10-21,56,Desert,Rural,16,0.0023083414710959715,-0.05403716726362309,1.2660669868059473
McDowell,AZ_Desert_McDowell_Sonoran_Preserve_1_2019,2019,33.74051,-111.8153,2019-08-26,2019-10-21,56,Desert,Rural,7,0.0023083414710959715,-0.22543938711391842,1.3524297826525304
McDowell,AZ_Desert_McDowell_Sonoran_Preserve_20_01_2020,2020,33.73354,-111.81382,2020-09-10,2020-10-26,46,Desert,Rural,11,0.0032706080024905745,-0.10371897011878103,1.744076074671044
McDowell,AZ_Desert_McDowell_Sonoran_Preserve_20_02_2020,2020,33.6997,-111.79261,2020-09-11,2020-10-26,45,Desert,Rural,4,0.0033869268964000277,-0.26395198466052794,-0.80128245599259
McDowell,AZ_Desert_McDowell_Sonoran_Preserve_20_03_2020,2020,33.73341,-111.8083,2020-09-10,2020-10-26,46,Desert,Rural,9,0.0032706080024905745,-0.150088652783596,1.2594948623938642
McDowell,AZ_Desert_McDowell_Sonoran_Preserve_20_04_2020,2020,33.72556,-111.81516,2020-09-10,2020-10-26,46,Desert,Rural,4,0.0032706080024905745,-0.2660128594456308,1.971075376706987
McDowell,AZ_Desert_McDowell_Sonoran_Preserve_20_05_2020,2020,33.72388,-111.80848,2020-09-10,2020-10-26,46,Desert,Rural,4,0.0032706080024905745,-0.2660128594456308,0.9253850546784342
McDowell,AZ_Desert_McDowell_Sonoran_Preserve_20_06_2020,2020,33.71826,-111.81207,2020-09-10,2020-10-26,46,Desert,Rural,6,0.0032706080024905745,-0.2196431767808163,1.971075376706987
McDowell,AZ_Desert_McDowell_Sonoran_Preserve_20_07_2020,2020,33.69793,-111.78978,2020-09-11,2020-10-27,46,Desert,Rural,7,0.0032706080024905745,-0.1964583354484099,-0.80128245599259
McDowell,AZ_Desert_McDowell_Sonoran_Preserve_20_08_2020,2020,33.69004,-111.80097,2020-09-11,2020-10-27,46,Desert,Rural,5,0.0032706080024905745,-0.24282801811322377,1.514274924473411
McDowell,AZ_Desert_McDowell_Sonoran_Preserve_20_10_2020,2020,33.71574,-111.78957,2020-09-10,2020-10-21,41,Desert,Rural,5,0.0037607924110883715,-0.2286909197398049,-0.8767203425886739
McDowell,AZ_Desert_McDowell_Sonoran_Preserve_20_11_2020,2020,33.6969,-111.80902,2020-09-11,2020-10-27,46,Desert,Rural,7,0.0032706080024905745,-0.1964583354484099,1.514274924473411
McDowell,AZ_Desert_McDowell_Sonoran_Preserve_3_2019,2019,33.73351,-111.80827,2019-08-26,2019-10-21,56,Desert,Rural,17,0.0023083414710959715,-0.03499247616914569,1.2594948623938642
McDowell,AZ_Desert_McDowell_Sonoran_Preserve_4_2019,2019,33.7192,-111.81408,2019-08-26,2019-10-21,56,Desert,Rural,22,0.0023083414710959715,0.06023097930324017,1.971075376706987
McDowell,AZ_Desert_McDowell_Sonoran_Preserve_5_2019,2019,33.71981,-111.80666,2019-08-26,2019-10-21,56,Desert,Rural,23,0.0023083414710959715,0.0792756703977175,0.9253850546784342
McDowell,AZ_Desert_McDowell_Sonoran_Preserve_6_2019,2019,33.71222,-111.78917,2019-09-30,2019-10-21,21,Desert,Rural,4,0.007806032289747388,-0.15560885310083578,-0.8767203425886739
Tucson,AZ_Desert_Res2_dep1_2022,2022,32.21555,-110.88875,2022-08-29,2022-11-08,71,Desert,Suburban,14,0.0016996556692417308,-0.1484559174784967,2.510879975841167
Tucson,AZ_Desert_Res5_dep1_2022,2022,32.224438,-110.880844,2022-09-13,2022-10-27,44,Desert,Suburban,29,0.004422603235939907,0.3441700101663549,2.4855925703145023
Tucson,AZ_Desert_SB3_dep1_2022,2022,32.260218,-110.822554,2022-08-23,2022-11-08,77,Desert,Suburban,5,0.0014110062934279302,-0.2894988026135237,2.639933150559821
Sonoran,AZ_Desert_Sonoran_22_DEER 09/01/2022_2022,2022,32.46622,-110.93786,2022-09-01,2022-11-20,80,Desert,Suburban,9,0.008260327284050207,-0.2387706708800525,2.5227394393683915
Sonoran,AZ_Desert_Sonoran_22_DOVE 10/24/2022_2022,2022,32.43822,-110.92892,2022-10-24,2022-11-02,9,Desert,Suburban,2,0.09000485871539332,-0.12175162448843155,-0.05870422805513169
Sonoran,AZ_Desert_Sonoran_22_MALLOW 08/18/2022_2022,2022,32.41753,-110.92402,2022-08-18,2022-11-10,84,Desert,Suburban,38,0.007191106265682674,0.12371328295149701,1.4925140247288446
Sonoran,AZ_Desert_Sonoran_22_Mallow_10-01_2022,2022,32.41753,-110.92402,2022-09-14,2022-09-28,14,Desert,Suburban,3,0.07727884486212785,-0.13021593164153258,1.4925140247288446
Sonoran,AZ_Desert_Sonoran_22_OWL_09-04_2022,2022,32.44865,-110.94195,2022-08-13,2022-09-04,22,Desert,Suburban,2,0.05824688955015202,-0.2617974337488295,2.3030302655804413
Sonoran,AZ_Desert_Sonoran_22_SNIBBY 10/03/2022_2022,2022,32.43584,-110.91683,2022-10-03,2022-11-09,37,Desert,Suburban,2,0.035822813638417814,-0.30110343011089546,0.3440671916382146
Sonoran,AZ_Desert_Sonoran_22_THRASHER_2022,2022,32.44166,-110.94694,2022-10-28,2022-12-02,35,Desert,Suburban,2,0.03863324727087642,-0.2978092132729319,2.3030302655804413
Sonoran,AZ_Desert_Sonoran_23_DAVID_09-23-2023_2023,2023,32.44991,-110.92865,2023-08-27,2023-09-23,27,Desert,Suburban,2,0.048824604326326064,-0.2797520246796497,1.1437912964844552
Sonoran,AZ_Desert_Sonoran_23_DEER_11-11-2023_2023,2023,32.46622,-110.93786,2023-09-16,2023-11-11,56,Desert,Suburban,8,1,-0.20639469601944108,2.5227394393683915
Sonoran,AZ_Desert_Sonoran_23_DOVE_10-29-2023_2023,2023,32.43822,-110.92892,2023-08-20,2023-10-29,70,Desert,Suburban,11,0.011679915158314411,-0.19115894314385956,-0.05870422805513169
Tucson,AZ_Desert_Tucson_AC2_dep1_2022,2022,32.282793,-110.739291,2022-09-07,2022-11-12,66,Desert,Suburban,38,0.0020711772753135593,0.25529478505879494,1.863118025728198
Tucson,AZ_Desert_Tucson_AC3_depl1_2022,2022,32.266866,-110.750661,2022-09-07,2022-11-12,66,Desert,Suburban,5,0.0020711772753135593,-0.2779565655865677,2.120124988500164
Tucson,AZ_Desert_Tucson_AC4_dep1_2022,2022,32.256277,-110.762075,2022-09-07,2022-10-31,54,Desert,Suburban,5,0.0031137992681368122,-0.2600019746557475,2.395268655580435
Tucson,AZ_Desert_Tucson_Res3_dep1_2022,2022,32.277661,-110.866838,2022-09-13,2022-11-23,71,Desert,Suburban,116,0.0016996556692417308,1.3837028928264903,2.4063502312113014
Harrity,AZ_Forest_1001_20220718_2022,2022,31.35955,-110.78466,2022-08-06,2022-09-13,38,Forest,Wild,2,0.011421307865463026,-0.30262050365469456,-0.24755934947488156
SRER2,AZ_Forest_Rural_SRER2_2023_10_2023,2023,31.764158,-110.84574,2023-09-16,2023-11-10,55,Forest,Rural,5,0.1770577457958786,-0.2617974337488295,-0.31545048345281407
SRER2,AZ_Forest_Rural_SRER2_2023_11_2023,2023,31.765504,-110.847265,2023-09-16,2023-11-10,55,Forest,Rural,4,0.1770577457958786,-0.28118839195411544,-0.31545048345281407
SRER2,AZ_Forest_Rural_SRER2_2023_12_2023,2023,31.767271,-110.848459,2023-09-16,2023-11-10,55,Forest,Rural,4,0.1770577457958786,-0.28118839195411544,-0.31545048345281407
SRER2,AZ_Forest_Rural_SRER2_2023_13_2023,2023,31.768643,-110.849972,2023-09-16,2023-11-10,55,Forest,Rural,4,1,-0.28118839195411544,-0.5343078216030909
SRER2,AZ_Forest_Rural_SRER2_2023_15_2023,2023,31.769799,-110.854341,2023-09-16,2023-11-10,55,Forest,Rural,5,1,-0.2617974337488295,-0.5343078216030909
SRER2,AZ_Forest_Rural_SRER2_2023_16_2023,2023,31.770299,-110.857662,2023-10-04,2023-11-10,37,Forest,Rural,2,1,-0.30110343011089546,-0.5343078216030909
SRER2,AZ_Forest_Rural_SRER2_2023_17_2023,2023,31.771313,-110.8595,2023-09-16,2023-09-27,11,Forest,Rural,1,0.5092226113085159,-0.2617974337488295,-0.5343078216030909
SRER2,AZ_Forest_Rural_SRER2_2023_18_2023,2023,31.772663,-110.861052,2023-09-16,2023-11-10,55,Forest,Rural,5,1,-0.2617974337488295,-0.7423025541213186
SRER2,AZ_Forest_Rural_SRER2_2023_19_2023,2023,31.773711,-110.862938,2023-09-16,2023-11-10,55,Forest,Rural,5,1,-0.2617974337488295,-0.7423025541213186
NAU,AZ_Forest_Wild_NAU_Loc1 09/09/2023_2023,2023,34.91187,-111.82684,2023-09-09,2023-11-19,71,Forest,Wild,5,0.00967453420003949,-0.28364640074070097,0.8941978594183836
NAU,AZ_Forest_Wild_NAU_Loc2 09/09/2023_2023,2023,34.89551,-111.83062,2023-09-09,2023-11-17,69,Forest,Wild,6,0.010250051893425005,-0.2660128594456308,0.7023757550035766
NAU,AZ_Forest_Wild_NAU_Loc3_REAL 09/09/2023_2023,2023,34.918,-111.91191,2023-09-09,2023-11-19,71,Forest,Wild,4,0.00967453420003949,-0.29866756554761253,-1.4289933777537023
NAU,AZ_Forest_Wild_NAU_Loc4 09/09/2023_2023,2023,34.89273,-111.8326,2023-09-09,2023-11-19,71,Forest,Wild,4,0.00967453420003949,-0.29866756554761253,1.5053440334580228
NAU,AZ_Forest_Wild_NAU_Loc5 09/09/2023_2023,2023,34.88931,-111.87852,2023-09-09,2023-11-19,71,Forest,Wild,4,0.00967453420003949,-0.29866756554761253,-0.07365195492206324
NAU,AZ_Forest_Wild_NAU_Loc6 09/09/2023_2023,2023,34.91585,-111.91498,2023-09-09,2023-11-19,71,Forest,Wild,5,1,-0.28364640074070097,-1.4289933777537023
NAU,AZ_Forest_Wild_NAU_Loc7 09/09/2023_2023,2023,34.90802,-111.82527,2023-09-09,2023-10-13,34,Forest,Wild,8,0.03401731007959464,-0.10781041270685301,0.8941978594183836
NAU,AZ_Forest_Wild_NAU_Loc8 09/09/2023_2023,2023,34.91466,-111.91675,2023-09-09,2023-11-19,71,Forest,Wild,4,0.00967453420003949,-0.29866756554761253,-1.4289933777537023
NAU,AZ_Forest_Wild_NAU_Loc9_09.30.23_2023,2023,34.90976,-111.82702,2023-09-30,2023-11-19,50,Forest,Wild,287,0.019953398369549877,5.762973280633502,0.8941978594183836
Cienega,AZ_Grassland_Cienega_10_2019,2019,32.16065,-109.497,2019-09-05,2019-11-19,75,Grassland,Wild,8,0.002072716976661333,-0.24499193663758134,-0.798367342272115
Cienega,AZ_Grassland_Cienega_16_2019,2019,32.171217,-109.515533,2019-09-04,2019-11-20,77,Grassland,Wild,8,0.001954369528598629,-0.24794674931648233,-0.7748640583242348
Cienega,AZ_Grassland_Cienega_17_2019,2019,32.180767,-109.517283,2019-09-14,2019-11-22,69,Grassland,Wild,7,0.0024950391180410874,-0.2505562985573592,-0.560627924727777
Cienega,AZ_Grassland_Cienega_1_2019,2019,32.16413,-109.471,2019-09-05,2019-11-20,76,Grassland,Wild,7,0.001954369528598629,-0.2605217128142713,0.12532009459922372
SRER1,AZ_Grassland_Rural_SRER1_2023_1_2023,2023,31.782896,-110.842315,2023-09-16,2023-10-16,30,Grassland,Rural,2,0.009696508581334902,-0.2876520446892107,-0.4411330626578667
SRER1,AZ_Grassland_Rural_SRER1_2023_2_2023,2023,31.78421,-110.8409,2023-09-16,2023-10-14,28,Grassland,Rural,4,0.010479513909939116,-0.20639469601944108,-0.4411330626578667
SRER1,AZ_Grassland_Rural_SRER1_2023_3_2023,2023,31.785685,-110.83941,2023-09-16,2023-10-30,44,Grassland,Rural,3,0.0059653588772161405,-0.2860361315054369,-0.5164058144205886
SRER1,AZ_Grassland_Rural_SRER1_2023_4_2023,2023,31.786767,-110.838234,2023-09-16,2023-10-03,17,Grassland,Rural,2,0.015317507275895799,-0.23328131874105656,-0.5164058144205886
SRER1,AZ_Grassland_Rural_SRER1_2023_5_2023,2023,31.78866,-110.836336,2023-09-16,2023-09-25,9,Grassland,Rural,1,0.019998248324062953,-0.2402519246318453,-0.5216939096476095
SRER1,AZ_Grassland_Rural_SRER1_2023_8_2023,2023,31.793334,-110.831369,2023-09-16,2023-11-10,55,Grassland,Rural,6,0.0039624884071401915,-0.2424064755435437,-0.5216939096476095
SRER1,AZ_Grassland_Rural_SRER1_2023_9_2023,2023,31.791851,-110.829281,2023-09-16,2023-09-28,12,Grassland,Rural,1,0.017998053549092022,-0.2698769996676987,-0.08183626107269683
MTHansen,BAC.AROW_Rec007_Mem088.20190831_2019,2019,48.09068,-112.62233,2019-08-31,2019-11-07,68,Forest,Wild,6,0.01039784669703036,-0.2646490452496068,-0.03519686110312697
MTHansen,BAC.AROW_Rec054_Mem014.20190831_2019,2019,48.08351,-112.62646,2019-08-31,2019-11-07,68,Forest,Wild,4,0.01039784669703036,-0.29601677175815755,-0.03519686110312697
MTHansen,BAC.AROW_Rec055_Mem045.20190901_2019,2019,48.0527,-112.70563,2019-09-01,2019-11-05,65,Forest,Wild,10,1,-0.19467488611514736,-0.31853799068064187
Blackfoot,BAC.BLCH_Rec016_Mem078.20190819_2019,2019,47.06378,-113.08588,2019-08-19,2019-10-24,66,Forest,Wild,5,0.0036039583661990355,-0.2779565655865677,-0.6734463189469327
Blackfoot,BAC.BLCH_Rec037_Mem041.20190819_2019,2019,47.05159,-113.09887,2019-08-19,2019-10-24,66,Forest,Wild,4,0.0036039583661990355,-0.294115697424306,-0.6069679043950867
MTHansen,BAC.HMSA_Rec009_Mem102.20190830_2019,2019,48.10101,-112.66422,2019-08-30,2019-11-07,69,Forest,Wild,9,0.009808825455570581,-0.2196431767808163,0.6917930619874236
MTHansen,BAC.HMSA_Rec062_Mem051.20190831_2019,2019,48.12922,-112.66247,2019-08-31,2019-09-18,18,Forest,Wild,1,0.05751186133433,-0.29950207470355206,0.5654497922265348
MTUrbanWild,BAC.MSLA_Bro001_Mem117.20190729_2019,2019,46.86254,-113.97896,2019-08-17,2019-10-07,51,Forest,Suburban,5,0.003599681805536409,-0.2541931364134233,2.6422904049393763
MTUrbanWild,BAC.MSLA_Bro002_Mem186.20191012_2019,2019,46.82091,-114.03002,2019-10-12,2019-11-19,38,Forest,Suburban,3,0.005706759171276016,-0.27455464309441235,2.3754485437950157
MTUrbanWild,BAC.MSLA_Bro024_Mem174.20191012_2019,2019,46.83493,-114.0057,2019-10-12,2019-11-19,38,Forest,Suburban,206,0.005706759171276016,5.422815050642884,2.781299455930329
MTUrbanWild,BAC.MSLA_Bro026_Mem139.20191012_2019,2019,46.81736,-114.06136,2019-10-12,2019-11-19,38,Forest,Suburban,165,0.005706759171276016,4.272114767671315,2.1431250043844603
MTUrbanWild,BAC.MSLA_Bro039_Mem189.20190718_2019,2019,46.87191,-114.06057,2019-08-17,2019-10-06,50,Forest,Suburban,7,0.0036724273927411528,-0.20944184659455756,2.8473019736684377
MTUrbanWild,BAC.MSLA_Bro046_Mem150.20190820_2019,2019,46.84881,-113.97624,2019-08-20,2019-11-20,92,Forest,Suburban,8,8.47903864852392e-4,-0.2660128594456308,1.961821474698866
MTUrbanWild,BAC.MSLA_Bro052_Mem147.20190910_2019,2019,46.88117,-113.97487,2019-09-10,2019-11-14,65,Forest,Suburban,5,0.002209315203619623,-0.27671355544520326,2.508006145829034
MTUrbanWild,BAC.MSLA_Bro055_Mem187.20190818_2019,2019,46.86875,-113.99052,2019-08-18,2019-10-12,55,Forest,Suburban,677,0.0030497693576863713,12.76892648020329,2.810328103011408
MTUrbanWild,BAC.MSLA_Bro067_Mem159.20191006_2019,2019,46.86777,-114.05781,2019-10-06,2019-11-17,42,Forest,Suburban,2,0.004966418075966562,-0.3079663818566531,2.8473019736684377
MTHansen,BAC.TRMR_Bro033_Mem172.20190830_2019,2019,48.09004,-112.65432,2019-08-30,2019-11-06,68,Forest,Wild,4,0.01039784669703036,-0.29601677175815755,-0.4863919535672006
MTHansen,BAC.TRMR_Bro040_Mem217.20190830_2019,2019,48.07983,-112.72232,2019-08-30,2019-11-06,68,Forest,Wild,4,0.01039784669703036,-0.29601677175815755,-0.21888410908388597
MTHansen,BAC.TRMR_Bro043_Mem148.20190830_2019,2019,48.12199,-112.67567,2019-08-30,2019-11-06,68,Forest,Wild,4,0.01039784669703036,-0.29601677175815755,-0.38267064375342047
MTHansen,BAC.TRMR_Rec001_Mem037.20200831_2020,2020,48.09999,-112.68845,2020-08-31,2020-09-06,6,Forest,Wild,1,0.08229181608021861,-0.18100177456013788,0.2139314159378307
MTHansen,BAC.TRMR_Rec001_Mem174.20210530_2021,2021,48.09999,-112.68845,2021-08-23,2021-10-23,61,Forest,Wild,3,0.013243379881379466,-0.3063012722527643,0.2139314159378307
MTHansen,BAC.TRMR_Rec002_Mem049.20200901_2020,2020,48.08463,-112.65726,2020-09-01,2020-11-01,61,Forest,Wild,3,0.013243379881379466,-0.3063012722527643,-0.4863919535672006
MTHansen,BAC.TRMR_Rec010_Mem073.20200831_2020,2020,48.10738,-112.69267,2020-08-31,2020-11-01,62,Forest,Wild,3,0.012495199100395205,-0.30714725535796594,0.08722415392061761
MTHansen,BAC.TRMR_Rec017_Mem098.20200831_2020,2020,48.11575,-112.6833,2020-08-31,2020-11-01,62,Forest,Wild,9,0.012495199100395205,-0.20393731652337926,-0.13474866759684548
MTHansen,BAC.TRMR_Rec018_Mem030.20200831_2020,2020,48.09874,-112.71037,2020-08-31,2020-10-31,61,Forest,Wild,3,0.013243379881379466,-0.3063012722527643,-0.46622796210131295
MTHansen,BAC.TRMR_Rec027_Mem110.20200831_2020,2020,48.1081,-112.70698,2020-08-31,2020-11-01,62,Forest,Wild,3,0.012495199100395205,-0.30714725535796594,-0.09622431393021401
MTHansen,BAC.TRMR_Rec037_Mem087.20200901_2020,2020,48.08261,-112.63763,2020-09-01,2020-11-01,61,Forest,Wild,6,0.013243379881379466,-0.2538503197302697,-0.4764073450436782
MTHansen,BAC.TRMR_Rec039_Mem094.20200831_2020,2020,48.08772,-112.73944,2020-08-31,2020-10-31,61,Forest,Wild,4,0.013243379881379466,-0.2888176214119328,-0.31012987541519677
MTHansen,BAC.TRMR_Rec040_Mem151.20210529_2021,2021,48.12469,-112.66968,2021-08-23,2021-10-24,62,Forest,Wild,3,0.012495199100395205,-0.30714725535796594,0.5654497922265348
MTHansen,BAC.TRMR_Rec042_Mem088.20200901_2020,2020,48.07277,-112.63412,2020-09-01,2020-11-01,61,Forest,Wild,4,0.013243379881379466,-0.2888176214119328,0.22233832142427717
MTHansen,BAC.TRMR_Rec046_Mem107.20200901_2020,2020,48.08761,-112.67028,2020-09-01,2020-11-01,61,Forest,Wild,3,0.013243379881379466,-0.3063012722527643,-0.06004647785452449
MTHansen,BAC.TRMR_Rec048_Mem093.20200831_2020,2020,48.12314,-112.69136,2020-08-31,2020-11-01,62,Forest,Wild,3,1,-0.30714725535796594,0.16982514196979703
MTHansen,BAC.TRMR_Rec052_Mem038.20200901_2020,2020,48.08859,-112.677,2020-09-01,2020-11-01,61,Forest,Wild,3,0.013243379881379466,-0.3063012722527643,-0.06004647785452449
MTHansen,BAC.TRMR_Rec060_Mem083.20200901_2020,2020,48.1164,-112.66098,2020-09-01,2020-11-01,61,Forest,Wild,5,0.013243379881379466,-0.2713339705711012,0.6955438305514579
Baggs,Baggs_Wild_Grasslands_21_dep_01_2021,2021,41.25946,-107.64845,2021-09-04,2021-10-30,56,Grassland,Wild,3,0.0017522965814369541,-0.3016181514918273,-0.17568713525598195
Baggs,Baggs_Wild_Grasslands_21_dep_01_USE_2021,2021,41.28419,-107.66229,2021-09-04,2021-10-09,35,Grassland,Wild,2,0.0036450325698797288,-0.2978092132729319,-0.27528067912516097
Baggs,Baggs_Wild_Grasslands_21_dep_02_USE_2021,2021,41.28229,-107.66082,2021-09-04,2021-10-31,57,Grassland,Wild,4,0.001653112094527471,-0.2839099299478398,-0.27528067912516097
Baggs,Baggs_Wild_Grasslands_21_dep_03_USE_2021,2021,41.28034,-107.65901,2021-09-04,2021-10-31,57,Grassland,Wild,4,0.001653112094527471,-0.2839099299478398,-0.27528067912516097
Baggs,Baggs_Wild_Grasslands_21_dep_05_USE_2021,2021,41.27278,-107.65516,2021-09-04,2021-10-31,57,Grassland,Wild,4,0.001653112094527471,-0.2839099299478398,-0.5424045699986688
Baggs,Baggs_Wild_Grasslands_21_dep_06_USE_2021,2021,41.27078,-107.65013,2021-09-04,2021-10-31,57,Grassland,Wild,4,0.001653112094527471,-0.2839099299478398,-0.6384223095915418
Baggs,Baggs_Wild_Grasslands_21_dep_08_2021,2021,41.26388,-107.64718,2021-09-04,2021-10-31,57,Grassland,Wild,22,0.001653112094527471,0.05288039677554731,-0.17568713525598195
Baggs,Baggs_Wild_Grasslands_21_dep_10_2021,2021,41.25634,-107.64667,2021-09-04,2021-10-09,35,Grassland,Wild,2,0.0036450325698797288,-0.2978092132729319,-0.17568713525598195
Galena,ID_Forest_Galena_1_2019,2019,43.85301,-114.61059,2019-09-15,2019-10-19,34,Forest,Wild,2,0.009156791232341274,-0.29601677175815755,-1.4068885983286674
Galena,ID_Forest_Galena_4_2019,2019,43.82284,-114.6235,2019-09-15,2019-10-24,39,Forest,Wild,5,0.007968914268118004,-0.22202110922516632,0.9478979832932559
Galena,ID_Forest_Galena_5_2019,2019,43.83664,-114.63902,2019-09-15,2019-10-19,34,Forest,Wild,2,0.009156791232341274,-0.29601677175815755,-1.0670492772739604
Galena,ID_Forest_Galena_6_2019,2019,43.88966,-114.68813,2019-09-01,2019-10-16,45,Forest,Wild,3,0.006471074394274569,-0.2876520446892107,0.39343267735966303
Hailey,ID_Forest_Hailey_1_2019,2019,43.53206,-114.5214,2019-09-01,2019-10-24,53,Forest,Wild,13,1,-0.0971572225718732,-0.9442384109677862
Hailey,ID_Forest_Hailey_2_2019,2019,43.55942,-114.49716,2019-09-01,2019-10-24,53,Forest,Wild,3,0.1507888035152265,-0.29838414734370855,-1.0533110269612815
Hailey,ID_Forest_Hailey_4_2019,2019,43.62649,-114.4029,2019-09-01,2019-10-17,46,Forest,Wild,18,1,0.05857491920806809,-1.2696733471484893
Hailey,ID_Forest_Hailey_5_2019,2019,43.61499,-114.4136,2019-09-01,2019-10-17,46,Forest,Wild,16,0.184876880526923,0.012205236543254231,-0.953241586278368
Hailey,ID_Forest_Hailey_6_2019,2019,43.55825,-114.51784,2019-09-01,2019-09-27,26,Forest,Wild,2,0.311088606386612,-0.27671355544520326,-1.2079980576674374
Hailey,ID_Forest_Hailey_7_2019,2019,43.54676,-114.48647,2019-09-01,2019-10-23,52,Forest,Wild,4,0.15533396497244487,-0.27671355544520326,-0.6926500483323559
Hailey,ID_Forest_Hailey_8_2019,2019,43.54587,-114.4413,2019-09-01,2019-10-24,53,Forest,Wild,6,1,-0.23801606991215843,-0.49752917903202304
Hailey,ID_Forest_Hailey_9_2019,2019,43.58169,-114.4318,2019-09-01,2019-10-17,46,Forest,Wild,4,1,-0.2660128594456308,-1.2143261091664728
Rachlow,ID_Forest_Rachlow_UIEF_22_04_01_2022,2022,46.802438,-116.819905,2022-09-04,2022-10-30,56,Forest,Wild,4,0.0018040533825995052,-0.28257346039735015,-0.22777870672930897
Rachlow,ID_Forest_Rachlow_UIEF_22_07_01_2022,2022,46.802499,-116.82473,2022-09-04,2022-10-30,56,Forest,Wild,4,0.0018040533825995052,-0.28257346039735015,-0.22777870672930897
Rachlow,ID_Forest_Rachlow_UIEF_22_09_01_2022,2022,46.80194,-116.827928,2022-09-04,2022-10-30,56,Forest,Wild,3,0.0018040533825995052,-0.3016181514918273,-0.5282478873747051
Rachlow,ID_Forest_Rachlow_UIEF_22_11_01_2022,2022,46.799473,-116.810692,2022-09-04,2022-10-30,56,Forest,Wild,4,0.0018040533825995052,-0.28257346039735015,-0.5704141294954611
Rachlow,ID_Forest_Rachlow_UIEF_22_15_01_2022,2022,46.794849,-116.807267,2022-09-04,2022-10-30,56,Forest,Wild,3,0.0018040533825995052,-0.3016181514918273,-0.4271061288315528
Rachlow,ID_Forest_Rachlow_UIEF_22_17_01_2022,2022,46.798678,-116.814242,2022-09-04,2022-10-30,56,Forest,Wild,3,0.0018040533825995052,-0.3016181514918273,-0.5704141294954611
Rachlow,ID_Forest_Rachlow_UIEF_22_33_01_2022,2022,46.797719,-116.807379,2022-09-04,2022-09-09,5,Forest,Wild,1,0.01052363790721423,-0.14545168451711407,-0.5704141294954611
Rachlow,ID_Forest_Rachlow_UIEF_22_39_01_2022,2022,46.800732000000004,-116.810221,2022-09-04,2022-10-30,56,Forest,Wild,5,0.0018040533825995052,-0.2635287693028729,-0.5704141294954611
Rachlow,ID_Forest_Rachlow_UIEF_22_55_01_2022,2022,46.797809,-116.809912,2022-09-04,2022-10-30,56,Forest,Wild,3,0.0018040533825995052,-0.3016181514918273,-0.5704141294954611
Rachlow,ID_Forest_Rural_Rachlow_23_13_2023,2023,46.798135,-116.810909,2023-08-28,2023-10-23,56,Forest,Wild,3,0.0018040533825995052,-0.3016181514918273,-0.5704141294954611
Rachlow,ID_Forest_Rural_Rachlow_23_15_2023,2023,46.786126,-116.793778,2023-08-29,2023-10-24,56,Forest,Wild,3,0.0018040533825995052,-0.3016181514918273,-0.5613920513880223
Rachlow,ID_Forest_Rural_Rachlow_23_16_2023,2023,46.78168,-116.794878,2023-08-29,2023-10-24,56,Forest,Wild,4,0.0018040533825995052,-0.28257346039735015,-0.11314670256827089
Rachlow,ID_Forest_Rural_Rachlow_23_18_2023,2023,46.802151,-116.811939,2023-08-28,2023-10-23,56,Forest,Wild,7,0.0018040533825995052,-0.22543938711391842,-0.5704141294954611
Rachlow,ID_Forest_Rural_Rachlow_23_19_2023,2023,46.79926,-116.812648,2023-08-28,2023-10-23,56,Forest,Wild,18,0.0018040533825995052,-0.015947785074669363,-0.5704141294954611
Rachlow,ID_Forest_Rural_Rachlow_23_2_2023,2023,46.781055,-116.792325,2023-08-29,2023-10-24,56,Forest,Wild,4,0.0018040533825995052,-0.28257346039735015,-0.11314670256827089
Rachlow,ID_Forest_Rural_Rachlow_23_35_2023,2023,46.801324,-116.81803,2023-08-28,2023-09-15,18,Forest,Wild,1,0.006777223501400186,-0.29950207470355206,-0.22777870672930897
Rachlow,ID_Forest_Rural_Rachlow_23_36_2023,2023,46.801769,-116.815812,2023-08-28,2023-10-23,56,Forest,Wild,5,0.0018040533825995052,-0.2635287693028729,-0.22777870672930897
Rachlow,ID_Forest_Rural_Rachlow_23_3_2023,2023,46.781689,-116.794878,2023-08-28,2023-10-23,56,Forest,Wild,3,0.0018040533825995052,-0.3016181514918273,-0.11314670256827089
Rachlow,ID_Forest_Rural_Rachlow_23_43_2023,2023,46.80149,-116.81345,2023-08-28,2023-10-23,56,Forest,Wild,4,0.0018040533825995052,-0.28257346039735015,-0.5704141294954611
Rachlow,ID_Forest_Rural_Rachlow_23_44_2023,2023,46.797673,-116.813708,2023-08-28,2023-09-04,7,Forest,Wild,1,0.009927562282433444,-0.20639469601944108,-0.5704141294954611
Rachlow,ID_Forest_Rural_Rachlow_23_45_2023,2023,46.786531,-116.793764,2023-08-29,2023-10-24,56,Forest,Wild,3,0.0018040533825995052,-0.3016181514918273,-0.5613920513880223
Rachlow,ID_Forest_Rural_Rachlow_23_46_2023,2023,46.800034,-116.81192,2023-08-28,2023-10-23,56,Forest,Wild,4,0.0018040533825995052,-0.28257346039735015,-0.5704141294954611
Rachlow,ID_Forest_Rural_Rachlow_23_54_2023,2023,46.799727,-116.816551,2023-08-28,2023-10-22,55,Forest,Wild,3,0.0018040533825995052,-0.30057935015940135,-0.22777870672930897
Rachlow,ID_Forest_Rural_Rachlow_23_55_2023,2023,46.798331,-116.813699,2023-08-28,2023-10-23,56,Forest,Wild,5,0.0018040533825995052,-0.2635287693028729,-0.5704141294954611
Rachlow,ID_Forest_Rural_Rachlow_23_5_2023,2023,46.785391,-116.793889,2023-08-29,2023-10-30,62,Forest,Wild,7,0.001412906819066835,-0.2383406294682413,-0.5613920513880223
SunValley,ID_Forest_Sun_Valley_10_2019,2019,43.7002,-114.27441,2019-09-01,2019-10-17,46,Forest,Wild,18,0.005166549890155264,0.05857491920806809,-1.0471839499984552
SunValley,ID_Forest_Sun_Valley_11_2019,2019,43.60068,-114.2006,2019-09-01,2019-10-22,51,Forest,Wild,3,0.0043059144333848255,-0.29601677175815755,0.03474439461098632
SunValley,ID_Forest_Sun_Valley_1_2019,2019,43.76833,-114.25939,2019-09-01,2019-10-18,47,Forest,Wild,4,0.004936785244283356,-0.26798603743136756,-1.528057643310819
SunValley,ID_Forest_Sun_Valley_4_2019,2019,43.73635,-114.22157,2019-09-03,2019-10-25,52,Forest,Wild,9,0.004193216941465875,-0.1741652187826337,-1.5291358588436805
SunValley,ID_Forest_Sun_Valley_5_2019,2019,43.71683,-114.25973,2019-09-01,2019-10-17,46,Forest,Wild,4,0.005166549890155264,-0.2660128594456308,-1.1744915648439236
SunValley,ID_Forest_Sun_Valley_6_2019,2019,43.69706,-114.20373,2019-09-01,2019-10-20,49,Forest,Wild,3,0.004655668911887948,-0.2934561410227657,-1.1424068647889873
Hebblewhite,MT_Forest_Hebblewhite_22_03_JM1_01_2022,2022,46.9133,-113.4835,2022-09-17,2022-11-03,47,Forest,Wild,22,1,0.14046180561614438,-0.8457368438675844
Hebblewhite,MT_Forest_Hebblewhite_22_03_JM1_02_2022,2022,46.9133,-113.4835,2022-11-03,2022-12-19,46,Forest,Wild,5,0.1679205069781578,-0.24282801811322377,-0.8457368438675844
Hebblewhite,MT_Forest_Hebblewhite_22_04_JM3_01_2022,2022,46.91648,-113.50247,2022-09-17,2022-11-03,47,Forest,Wild,4,1,-0.26798603743136756,-0.5480979411903505
Hebblewhite,MT_Forest_Hebblewhite_22_04_JM3_02_2022,2022,46.91648,-113.50247,2022-11-03,2022-12-19,46,Forest,Wild,5,0.1679205069781578,-0.24282801811322377,-0.5480979411903505
Hebblewhite,MT_Forest_Hebblewhite_22_05_JM11_01_2022,2022,46.90454,-113.52431,2022-09-17,2022-11-01,45,Forest,Wild,3,1,-0.2876520446892107,-1.3028737658852554
Hebblewhite,MT_Forest_Hebblewhite_22_05_JM11_02_2022,2022,46.90454,-113.52431,2022-11-01,2022-12-19,48,Forest,Wild,3,1,-0.2920958059445887,-1.3028737658852554
Hebblewhite,MT_Forest_Hebblewhite_22_07_LC_WT_2022,2022,46.89031,-113.42634,2022-09-23,2022-11-03,41,Forest,Wild,6,0.18842273125481904,-0.2026786587327141,-0.8783059091892423
Hebblewhite,MT_Forest_Hebblewhite_22_09_JM6_01_2022,2022,46.89385,-113.36948,2022-09-24,2022-11-01,38,Forest,Wild,4,0.21071934185283084,-0.24648878253412992,-0.8441660970597538
Hebblewhite,MT_Forest_Hebblewhite_22_10_JM4_01_2022,2022,46.8988,-113.4868,2022-09-17,2022-11-03,47,Forest,Wild,4,1,-0.26798603743136756,0.04575973484166172
Hebblewhite,MT_Forest_Hebblewhite_22_10_R7_01_2022,2022,46.8910243,-113.3545535,2022-09-24,2022-11-01,38,Forest,Wild,4,0.21071934185283084,-0.24648878253412992,-0.9215742599780877
Hebblewhite,MT_Forest_Hebblewhite_22_12b_LC_HR_2022,2022,46.89683,-113.44724,2022-09-23,2022-11-03,41,Forest,Wild,20,0.18842273125481904,0.1614929953665574,0.031058954112900824
Hebblewhite,MT_Forest_Hebblewhite_22_13_R5_02_2022,2022,46.875947,-113.448812,2022-11-01,2022-12-16,45,Forest,Wild,4,0.17287693787885497,-0.26395198466052794,-0.6623972561266623
Hebblewhite,MT_Forest_Hebblewhite_22_14_H5_01_2022,2022,46.87784,-113.33873,2022-09-24,2022-11-01,38,Forest,Wild,13,1,0.006103962508410288,-0.6530793870539638
Hebblewhite,MT_Forest_Hebblewhite_22_14_H5_02_2022,2022,46.87784,-113.33873,2022-11-01,2022-12-02,31,Forest,Wild,4,0.25429857369907694,-0.2211389729958108,-0.6530793870539638
Hebblewhite,MT_Forest_Hebblewhite_22_14b_H3_01_2022,2022,46.881584,-113.460763,2022-09-20,2022-10-19,29,Forest,Wild,2,0.2632583713567004,-0.28520031434141596,0.17044303659354235
Hebblewhite,MT_Forest_Hebblewhite_22_14b_H3_02_2022,2022,46.881584,-113.460763,2022-10-19,2022-12-05,47,Forest,Wild,3,0.1616287488449919,-0.2906775842673405,0.17044303659354235
Hebblewhite,MT_Forest_Hebblewhite_22_15_JM7_01_2022,2022,46.88281,-113.35028,2022-09-24,2022-11-01,38,Forest,Wild,4,0.21071934185283084,-0.24648878253412992,-0.35924191243635306
Hebblewhite,MT_Forest_Hebblewhite_22_15_JM7_02_2022,2022,46.88281,-113.35028,2022-11-01,2022-12-20,49,Forest,Wild,4,0.15380422425773574,-0.2716907797719345,-0.35924191243635306
Hebblewhite,MT_Forest_Hebblewhite_22_16_JM10_01_2022,2022,46.88607,-113.50277,2022-09-17,2022-11-03,47,Forest,Wild,5,1,-0.24529449059539493,0.08359149003136193
Hebblewhite,MT_Forest_Hebblewhite_22_16_JM10_02_2022,2022,46.88607,-113.50277,2022-11-03,2022-12-05,32,Forest,Wild,10,1,-0.02547013062190753,0.08359149003136193
Hebblewhite,MT_Forest_Hebblewhite_22_19_JM5_01_2022,2022,46.864557,-113.424779,2022-10-05,2022-10-19,14,Forest,Wild,2,0.38197421865211534,-0.20639469601944108,-0.9096292045866813
Hebblewhite,MT_Forest_Hebblewhite_22_20_R8_01_2022,2022,46.86389,-113.3986,2022-09-20,2022-11-01,42,Forest,Wild,2,0.18842273125481904,-0.3079663818566531,-0.7033819978325124
Hebblewhite,MT_Forest_Hebblewhite_22_20_R8_02_2022,2022,46.86389,-113.3986,2022-11-01,2022-12-19,48,Forest,Wild,4,0.15380422425773574,-0.2698769996676987,-0.7033819978325124
Hebblewhite,MT_Forest_Hebblewhite_22_21_R3_01_2022,2022,46.872083,-113.367406,2022-09-20,2022-11-01,42,Forest,Wild,3,0.18842273125481904,-0.28257346039735015,-0.5122676141321251
Hebblewhite,MT_Forest_Hebblewhite_22_21_R3_02_2022,2022,46.872083,-113.367406,2022-11-01,2022-12-20,49,Forest,Wild,3,0.15380422425773574,-0.2934561410227657,-0.5122676141321251
Hebblewhite,MT_Forest_Hebblewhite_22_22_R4_01_2022,2022,46.863086,-113.354494,2022-09-20,2022-11-01,42,Forest,Wild,3,1,-0.28257346039735015,-0.6363130599067829
Hebblewhite,MT_Forest_Hebblewhite_22_22_R4_02_2022,2022,46.863086,-113.354494,2022-11-01,2022-12-20,49,Forest,Wild,3,1,-0.2934561410227657,-0.6363130599067829
Hebblewhite,MT_Forest_Hebblewhite_22_22b_R6_01_2022,2022,46.87083,-113.485,2022-09-20,2022-11-01,42,Forest,Wild,3,0.18842273125481904,-0.28257346039735015,0.7843838001208756
Hebblewhite,MT_Forest_Hebblewhite_22_23_R1_01_2022,2022,46.8616,-113.33285,2022-09-20,2022-11-01,42,Forest,Wild,3,0.18842273125481904,-0.28257346039735015,-0.3539179775064862
Hebblewhite,MT_Forest_Hebblewhite_22_23b_R2_01_2022,2022,46.874637,-113.455944,2022-09-20,2022-11-01,42,Forest,Wild,2,0.18842273125481904,-0.3079663818566531,0.17044303659354235
Hebblewhite,MT_Forest_Hebblewhite_22_23b_R2_02_2022,2022,46.874637,-113.455944,2022-11-01,2022-12-16,45,Forest,Wild,3,0.17287693787885497,-0.2876520446892107,0.17044303659354235
Hebblewhite,MT_Forest_Hebblewhite_22_24_JM8_01_2022,2022,46.8649,-113.4344,2022-09-21,2022-10-19,28,Forest,Wild,2,1,-0.28257346039735015,-0.6080819596307929
Hebblewhite,MT_Forest_Hebblewhite_22_24_JM8_02_2022,2022,46.8649,-113.4344,2022-10-19,2022-12-16,58,Forest,Wild,4,0.1162638615050141,-0.28520031434141596,-0.6080819596307929
Hebblewhite,MT_Forest_Hebblewhite_22_27_H2_01_2022,2022,46.933151,-113.488823,2022-09-06,2022-10-19,43,Forest,Wild,44,1,0.7325528649175773,-0.9301922718998642
Hebblewhite,MT_Forest_Hebblewhite_22_27_H2_02_2022,2022,46.933151,-113.488823,2022-10-19,2022-12-19,61,Forest,Wild,33,1,0.2182082529721822,-0.9301922718998642
Hebblewhite,MT_Forest_Hebblewhite_22_27b_H1_01_2022,2022,46.935646,-113.474188,2022-09-06,2022-10-19,43,Forest,Wild,4,0.17965913604337055,-0.2595426711668195,0.20681126163919408
Hebblewhite,MT_Forest_Hebblewhite_22_28_H5_01_2022,2022,46.9439695,-113.5056292,2022-09-06,2022-10-19,43,Forest,Wild,3,0.17965913604337055,-0.28434505956892947,-0.7505942281581073
Hebblewhite,MT_Forest_Hebblewhite_22_29_JM2_01_2022,2022,46.854592,-113.395714,2022-09-20,2022-11-01,42,Forest,Wild,5,1,-0.2317876174787442,-0.7033819978325124
Hebblewhite,MT_Forest_Hebblewhite_22_29_JM2_02_2022,2022,46.854592,-113.395714,2022-11-01,2022-12-16,45,Forest,Wild,7,0.17287693787885497,-0.19285180457447915,-0.7033819978325124
Hebblewhite,MT_Forest_Hebblewhite_22_31_JM15_01_2022,2022,46.92632,-113.54206,2022-09-17,2022-11-01,45,Forest,Wild,8,1,-0.1691517445457966,-0.8511673905717317
Hebblewhite,MT_Forest_Hebblewhite_22_31_JM15_02_2022,2022,46.92632,-113.54206,2022-11-01,2022-12-19,48,Forest,Wild,4,1,-0.2698769996676987,-0.8511673905717317
Hebblewhite,MT_Forest_Hebblewhite_22_32_JM13_02_2022,2022,46.9228,-113.5326,2022-11-01,2022-12-19,48,Forest,Wild,5,0.15380422425773574,-0.24765819339080816,-0.701788870113202
Hebblewhite,MT_Forest_Hebblewhite_22_32_JM13_2022,2022,46.9228,-113.5326,2022-09-17,2022-11-01,45,Forest,Wild,10,1,-0.12175162448843155,-0.701788870113202
Hebblewhite,MT_Forest_Hebblewhite_22_33_JM9_01_2022,2022,46.9193,-113.5035,2022-09-18,2022-11-03,46,Forest,Wild,11,1,-0.10371897011878103,-0.5480979411903505
Hebblewhite,MT_Forest_Hebblewhite_22_33_JM9_02_2022,2022,46.9193,-113.5035,2022-11-03,2022-12-19,46,Forest,Wild,7,0.1679205069781578,-0.1964583354484099,-0.5480979411903505
RiverTrail,MT_Forest_RiverTrail_21_dep_02_2021,2021,48.408145,-114.459362,2021-09-01,2021-11-03,63,Forest,Rural,13,0.02097899401273706,-0.13868023879463365,0.8546454960473521
RiverTrail,MT_Forest_RiverTrail_21_dep_04_2021,2021,48.409452,-114.464178,2021-09-01,2021-11-03,63,Forest,Rural,6,0.02097899401273706,-0.2571805389380472,0.4192401366335181
RiverTrail,MT_Forest_RiverTrail_21_dep_08_2021,2021,48.4106075,-114.4606311,2021-08-29,2021-11-03,66,Forest,Rural,17,0.018925961113915833,-0.08404698353370824,0.8546454960473521
RiverTrail,MT_Forest_RiverTrail_21_dep_09_2021,2021,48.410674,-114.456998,2021-08-29,2021-10-12,44,Forest,Rural,4,0.039652433489836394,-0.2617974337488295,0.8546454960473521
RiverTrail,MT_Forest_RiverTrail_22_Cam01_2022,2022,48.408711,-114.456115,2022-08-29,2022-09-21,23,Forest,Rural,2,0.0792335174041495,-0.2660128594456308,0.8546454960473521
RiverTrail,MT_Forest_RiverTrail_22_Cam02_2022,2022,48.408173,-114.459364,2022-10-12,2022-11-05,24,Forest,Rural,21,0.07731202987686484,0.5744376388541251,0.8546454960473521
RiverTrail,MT_Forest_RiverTrail_22_Cam03_2022,2022,48.408155,-114.459444,2022-09-18,2022-10-11,23,Forest,Rural,2,0.0792335174041495,-0.2660128594456308,0.8546454960473521
RiverTrail,MT_Forest_RiverTrail_22_Cam04_2022,2022,48.409434,-114.464129,2022-09-19,2022-11-05,47,Forest,Rural,12,0.03575818383665687,-0.08645366274358482,0.4192401366335181
RiverTrail,MT_Forest_RiverTrail_22_Cam05_2022,2022,48.408513,-114.461817,2022-09-19,2022-11-05,47,Forest,Rural,4,0.03575818383665687,-0.26798603743136756,0.4192401366335181
RiverTrail,MT_Forest_RiverTrail_22_Cam06_2022,2022,48.407393,-114.466153,2022-09-12,2022-11-05,54,Forest,Rural,6,1,-0.2402519246318453,0.0849561207422346
RiverTrail,MT_Forest_RiverTrail_22_Cam08_2022,2022,48.410575,-114.466033,2022-09-01,2022-11-05,65,Forest,Rural,5,0.01942689327257495,-0.27671355544520326,0.4192401366335181
RiverTrail,MT_Forest_RiverTrail_22_Cam09_2022,2022,48.41065,-114.460645,2022-09-18,2022-10-13,25,Forest,Rural,7,0.0748475370343307,-0.06013146841385606,0.4192401366335181
RiverTrail,MT_Forest_RiverTrail_22_Cam10_2022,2022,48.410694,-114.460583,2022-10-14,2022-10-27,13,Forest,Rural,16,0.10625477388375569,0.9538664845056322,0.8546454960473521
RiverTrail,MT_Forest_RiverTrail_Cam01_2023,2023,48.408711,-114.456115,2023-08-26,2023-11-14,80,Forest,Rural,4,0.011685287473490085,-0.3054270897107228,0.8546454960473521
RiverTrail,MT_Forest_RiverTrail_Cam02_2023,2023,48.408173,-114.459364,2023-08-26,2023-10-24,59,Forest,Rural,39,0.024048630376601387,0.34622413709488076,0.8546454960473521
RiverTrail,MT_Forest_RiverTrail_Cam04_2023,2023,48.409434,-114.464129,2023-08-29,2023-11-18,81,Forest,Rural,7,0.01128720163090499,-0.266585324663715,0.4192401366335181
RiverTrail,MT_Forest_RiverTrail_Cam08_2023,2023,48.410575,-114.466033,2023-08-31,2023-09-09,9,Forest,Rural,1,0.12311577682578624,-0.2402519246318453,0.4192401366335181
RiverTrail,MT_Forest_RiverTrail_Cam09_2023,2023,48.41065,-114.460645,2023-08-26,2023-11-18,84,Forest,Rural,117,0.010177287306773584,1.1267336805939616,0.4192401366335181
RiverTrail,MT_Forest_River_Trail_20_01B_2020,2020,48.4107,-114.4659,2020-10-12,2020-11-03,22,Forest,Rural,2,1,-0.2617974337488295,0.4192401366335181
RiverTrail,MT_Forest_River_Trail_20_04_2020,2020,48.40807,-114.45962,2020-10-14,2020-11-03,20,Forest,Rural,2,0.0851489142490995,-0.25210195464618657,0.8546454960473521
RiverTrail,MT_Forest_River_Trail_20_06_2020,2020,48.40695,-114.4659,2020-09-01,2020-10-11,40,Forest,Rural,2,0.04522678612338484,-0.3054270897107228,0.0849561207422346
RiverTrail,MT_Forest_River_Trail_20_07_2020,2020,48.40707,-114.46538,2020-10-11,2020-11-03,23,Forest,Rural,2,1,-0.2660128594456308,0.0849561207422346
RiverTrail,MT_Forest_River_Trail_20_10_2020,2020,48.40871,-114.4562,2020-09-29,2020-11-03,35,Forest,Rural,2,0.05396637657973127,-0.2978092132729319,0.8546454960473521
MTHansen,MT_Forest_Wild_MTHansen_23.BAC.TRMR_Rec006_Mem045.20230724_2023,2023,48.08917,-112.64357,2023-09-01,2023-11-11,71,Forest,Wild,5,0.009257849920492651,-0.28364640074070097,-0.9917515738193854
MTHansen,MT_Forest_Wild_MTHansen_23.BAC.TRMR_Rec042_Mem009.20230724_2023,2023,48.07277,-112.63412,2023-09-01,2023-11-11,71,Forest,Wild,5,0.009257849920492651,-0.28364640074070097,0.22233832142427717
BandyRanch,MT_Grassland_BandyRanch_WBIO 1_2023,2023,47.1088,-113.23492,2023-09-20,2023-11-10,51,Grassland,Rural,4,1,-0.27510495408579044,-0.6556103959422539
BandyRanch,MT_Grassland_BandyRanch_WBIO 2_2023,2023,47.07689,-113.2606,2023-09-12,2023-10-31,49,Grassland,Rural,4,0.12276850642637313,-0.2716907797719345,-0.3780945034673167
BandyRanch,MT_Grassland_BandyRanch_WBIO 4_2023,2023,47.10255,-113.21043,2023-09-19,2023-11-10,52,Grassland,Rural,4,0.11189268962549884,-0.27671355544520326,-0.8135010726601443
BandyRanch,MT_Grassland_BandyRanch_WBIO 6_2023,2023,47.06686,-113.2701,2023-09-12,2023-10-31,49,Grassland,Rural,3,0.12276850642637313,-0.2934561410227657,-0.24373387705766147
BandyRanch,MT_Grassland_BandyRanch_WBIO 8_2023,2023,47.06333,-113.2634,2023-09-12,2023-10-31,49,Grassland,Rural,14,0.12276850642637313,-0.05403716726362309,-0.033043605707278316
BandyRanch,MT_Grassland_BandyRanch_WILD 026_2023,2023,47.08256,-113.2413,2023-09-12,2023-10-31,49,Grassland,Rural,4,1,-0.2716907797719345,-0.3476316633829189
BandyRanch,MT_Grassland_BandyRanch_WILD 10_2023,2023,47.06825,-113.247,2023-09-12,2023-10-31,49,Grassland,Rural,6,0.12276850642637313,-0.22816005727027205,-0.33289973084493313
BandyRanch,MT_Grassland_BandyRanch_WILD 25_2023,2023,47.06648,-113.2368,2023-09-12,2023-10-31,49,Grassland,Rural,3,0.12276850642637313,-0.2934561410227657,-0.6270257377538075
BandyRanch,MT_Grassland_BandyRanch_WILD 5_2023,2023,47.071672,-113.2364,2023-09-05,2023-10-31,56,Grassland,Rural,5,1,-0.2635287693028729,-0.6270257377538075
BandyRanch,MT_Grassland_BandyRanch_WILD004_2023,2023,47.07328,-113.2521,2023-09-12,2023-10-15,33,Grassland,Rural,2,0.19497501386931668,-0.294115697424306,-0.5313821223163754
BandyRanch,MT_Grassland_BandyRanch_WILD006_2023,2023,47.0925,-113.2125,2023-09-19,2023-11-10,52,Grassland,Rural,7,1,-0.21518455344766105,-1.18015711111863
BandyRanch,MT_Grassland_BandyRanch_WILD015_2023,2023,47.0799,-113.2402,2023-09-12,2023-10-31,49,Grassland,Rural,4,1,-0.2716907797719345,-0.2572304740152857
BandyRanch,MT_Grassland_BandyRanch_WILD051_2023,2023,47.06324,-113.2291,2023-09-05,2023-09-11,6,Grassland,Rural,2,0.37805814546570593,-0.0032513243450178033,-0.8283379535262931
BandyRanch,MT_Grassland_BandyRanch_WILD8_2023,2023,47.06261,-113.2552,2023-09-19,2023-09-19,0,Grassland,Rural,2,0.4264535860762339,1.7742531778061905,-0.033043605707278316
BandyRanch,MT_Grassland_BandyRanch_Wild 012_2023,2023,47.056636,-113.239,2023-09-12,2023-10-31,49,Grassland,Rural,5,0.12276850642637313,-0.24992541852110303,-0.5440081320618468
BandyRanch,MT_Grassland_BandyRanch_Wild 1_2023,2023,47.06824,-113.2239,2023-09-05,2023-09-10,5,Grassland,Rural,1,0.39200611937752666,-0.14545168451711407,-0.42766368572771624
BandyRanch,MT_Grassland_BandyRanch_Wild 27_2023,2023,47.11037,-113.228,2023-09-19,2023-09-27,8,Grassland,Rural,1,1,-0.22543938711391842,-0.279398615615396
BandyRanch,MT_Grassland_BandyRanch_wbio7_2023,2023,47.094,-113.2344,2023-09-19,2023-11-10,52,Grassland,Rural,12,0.11189268962549884,-0.11263621678509152,-0.938119348790832
MTHansen,MT_Grassland_Forest_Shrubland_Hansen_22.BAC.TRMR_Rec027_Mem164.20220911_2022,2022,48.1081,-112.70698,2022-09-11,2022-09-23,12,Forest,Wild,1,0.0693010893194225,-0.2698769996676987,-0.09622431393021401
MTHansen,MT_Grassland_Forest_Shrubland_Hansen_22.BAC.TRMR_Rec039_Mem017.20220910_2022,2022,48.08772,-112.73944,2022-09-10,2022-11-12,63,Forest,Wild,3,1,-0.3079663818566531,-0.31012987541519677
MTHansen,MT_Grassland_Forest_Shrubland_Hansen_22.BAC.TRMR_Rec041_Mem206.20220910_2022,2022,48.09295,-112.70779,2022-09-10,2022-11-12,63,Forest,Wild,3,0.012495199100395205,-0.3079663818566531,0.07841484569462576
MTHansen,MT_Grassland_Forest_Shrubland_Hansen_22.BAC.TRMR_Rec042_Mem028.20220911_2022,2022,48.07277,-112.63412,2022-09-11,2022-11-13,63,Forest,Wild,3,0.012495199100395205,-0.3079663818566531,0.22233832142427717
MTHansen,MT_Grassland_Forest_Shrubland_Hansen_22.BAC.TRMR_Rec043_Mem043.20220911_2022,2022,48.09672,-112.66609,2022-09-11,2022-11-13,63,Forest,Wild,5,0.012495199100395205,-0.27410915324424906,0.1776276116238697
MTHansen,MT_Grassland_Forest_Shrubland_Hansen_22.BAC.TRMR_Rec045_Mem025.20220911_2022,2022,48.12428,-112.68279,2022-09-11,2022-11-13,63,Forest,Wild,3,0.012495199100395205,-0.3079663818566531,-0.060204354013895796
MTHansen,MT_Grassland_Forest_Shrubland_Hansen_22.BAC.TRMR_Rec048_Mem006.20220911_2022,2022,48.12314,-112.69136,2022-09-11,2022-11-13,63,Forest,Wild,4,0.012495199100395205,-0.29103776755045113,0.16982514196979703
MTHansen,MT_Grassland_Forest_Shrubland_Hansen_22.BAC.TRMR_Rec049_Mem211.20220911_2022,2022,48.09966,-112.67345,2022-09-11,2022-11-13,63,Forest,Wild,4,0.012495199100395205,-0.29103776755045113,0.6643785625357633
ENMU,NM_Grassland_Rural_ENMU_loc2_2023,2023,34.250059,-103.246837,2023-09-13,2023-09-23,10,Grassland,Rural,1,0.029442253043719623,-0.25210195464618657,1.1788984781460263
ENMU,NM_Grassland_Rural_ENMU_loc9_2023,2023,34.245626,-103.237804,2023-09-13,2023-10-03,20,Grassland,Rural,1,0.02023467326862589,-0.3054270897107228,0.5746230927088506
GalenaCreek,NV_Forest_Rural_GalenaCreek_loc01_dep01A_2023,2023,39.3524,-119.86163,2023-09-28,2023-11-06,39,Forest,Rural,10,0.005009234956582263,-0.08528999367507362,0.889511478020994
GalenaCreek,NV_Forest_Rural_GalenaCreek_loc02_dep01A_2023,2023,39.35113,-119.86317,2023-09-28,2023-11-05,38,Forest,Rural,3,0.005187066179311955,-0.27455464309441235,0.3426611259966272
GalenaCreek,NV_Forest_Rural_GalenaCreek_loc02_dep01C_2023,2023,39.35113,-119.86317,2023-11-11,2023-11-28,17,Forest,Rural,2,0.010749901799067733,-0.23328131874105656,0.3426611259966272
GalenaCreek,NV_Forest_Rural_GalenaCreek_loc03_dep01_2023,2023,39.35791,-119.85934,2023-09-28,2023-10-06,8,Forest,Rural,2,0.014335783208095962,-0.09212654945257782,1.5877448030828691
GalenaCreek,NV_Forest_Rural_GalenaCreek_loc03_dep02_2023,2023,39.35125,-119.85262,2023-10-06,2023-10-07,1,Forest,Rural,2,0.01823913180254297,1.7742531778061905,0.889511478020994
GalenaCreek,NV_Forest_Rural_GalenaCreek_loc03_dep03_2023,2023,39.35125,-119.85262,2023-11-11,2023-11-28,17,Forest,Rural,2,0.010749901799067733,-0.23328131874105656,0.889511478020994
GalenaCreek,NV_Forest_Rural_GalenaCreek_loc04_dep01A_2023,2023,39.36,-119.8555,2023-10-02,2023-11-05,34,Forest,Rural,4,0.0057584917024581855,-0.23328131874105656,1.5877448030828691
GalenaCreek,NV_Forest_Rural_GalenaCreek_loc04_dep01B_2023,2023,39.36,-119.8555,2023-11-08,2023-11-11,3,Forest,Rural,1,0.017421189642854155,-0.0032513243450178033,1.5877448030828691
GalenaCreek,NV_Forest_Rural_GalenaCreek_loc04_dep01C_2023,2023,39.36,-119.8555,2023-11-11,2023-11-28,17,Forest,Rural,3,0.010749901799067733,-0.1705458657239548,1.5877448030828691
GalenaCreek,NV_Forest_Rural_GalenaCreek_loc05_dep01A_2023,2023,39.36004,-119.86098,2023-10-02,2023-11-05,34,Forest,Rural,8,0.0057584917024581855,-0.10781041270685301,1.5877448030828691
GalenaCreek,NV_Forest_Rural_GalenaCreek_loc05_dep01B_2023,2023,39.36004,-119.86098,2023-11-07,2023-11-11,4,Forest,Rural,1,0.01683102505096988,-0.09212654945257782,1.5877448030828691
GalenaCreek,NV_Forest_Rural_GalenaCreek_loc05_dep01C_2023,2023,39.36004,-119.86098,2023-11-11,2023-11-28,17,Forest,Rural,2,0.010749901799067733,-0.23328131874105656,1.5877448030828691
GalenaCreek,NV_Forest_Rural_GalenaCreek_loc06_dep01A_2023,2023,39.35791,-119.85934,2023-10-06,2023-11-05,30,Forest,Rural,2,0.00679349324687262,-0.2876520446892107,1.5877448030828691
GalenaCreek,NV_Forest_Rural_GalenaCreek_loc06_dep01B_2023,2023,39.35791,-119.85934,2023-11-06,2023-11-11,5,Forest,Rural,1,0.016090913055825575,-0.14545168451711407,1.5877448030828691
GalenaCreek,NV_Forest_Rural_GalenaCreek_loc06_dep01C_2023,2023,39.35791,-119.85934,2023-11-11,2023-11-28,17,Forest,Rural,6,0.010749901799067733,0.017660493327349452,1.5877448030828691
GalenaCreek,NV_Forest_Rural_GalenaCreek_loc07_dep01A_2023,2023,39.35025,-119.86089,2023-10-09,2023-11-05,27,Forest,Rural,20,0.00734381482595623,0.43124977618083377,0.889511478020994
GalenaCreek,NV_Forest_Rural_GalenaCreek_loc07_dep01B_2023,2023,39.35025,-119.86089,2023-11-07,2023-11-11,4,Forest,Rural,5,0.01683102505096988,0.974376151838147,0.889511478020994
GalenaCreek,NV_Forest_Rural_GalenaCreek_loc07_dep01C_2023,2023,39.35025,-119.86089,2023-11-11,2023-11-28,17,Forest,Rural,13,0.010749901799067733,0.45680866444705975,0.889511478020994
GalenaCreek,NV_Forest_Rural_GalenaCreek_loc08_dep01_2023,2023,39.35403,-119.85993,2023-11-12,2023-11-28,16,Forest,Rural,15,0.011036864592851244,0.6410940576847954,0.889511478020994
GalenaCreek,NV_Forest_Rural_GalenaCreek_loc09_dep01_2023,2023,39.35175,-119.85875,2023-11-11,2023-11-28,17,Forest,Rural,20,0.010749901799067733,0.8959568355667656,0.889511478020994
GalenaCreek,NV_Forest_Rural_GalenaCreek_loc10_dep01_2023,2023,39.35513,-119.85732,2023-11-12,2023-11-28,16,Forest,Rural,3,0.011036864592851244,-0.15878296828324814,0.889511478020994
TruckeeMeadows,NV_Wetland_Rural_TruckeeMeadows_loc01_dep01_2023,2023,39.23367,-119.79978,2023-09-25,2023-10-04,9,Wetland,Rural,6,0.013378127617084358,0.3522495760852245,1.4201955532816883
TruckeeMeadows,NV_Wetland_Rural_TruckeeMeadows_loc01_dep02A_2023,2023,39.23367,-119.79978,2023-10-05,2023-10-16,11,Wetland,Rural,8,0.012587743350579994,0.4168861034361769,1.4201955532816883
TruckeeMeadows,NV_Wetland_Rural_TruckeeMeadows_loc01_dep02B_2023,2023,39.23367,-119.79978,2023-10-16,2023-10-28,12,Wetland,Rural,6,0.012031938042619206,0.17449912587010338,1.4201955532816883
TruckeeMeadows,NV_Wetland_Rural_TruckeeMeadows_loc01_dep03A_2023,2023,39.23367,-119.79978,2023-11-01,2023-11-05,4,Wetland,Rural,3,0.016022872572064546,0.4411248011927846,1.4201955532816883
TruckeeMeadows,NV_Wetland_Rural_TruckeeMeadows_loc01_dep03B_2023,2023,39.23367,-119.79978,2023-11-06,2023-11-20,14,Wetland,Rural,3,0.011351409987831948,-0.13021593164153258,1.4201955532816883
TruckeeMeadows,NV_Wetland_Rural_TruckeeMeadows_loc01_dep03C_2023,2023,39.23367,-119.79978,2023-11-20,2023-11-29,9,Wetland,Rural,7,0.013378127617084358,0.4707498762286383,1.4201955532816883
TruckeeMeadows,NV_Wetland_Rural_TruckeeMeadows_loc02_dep01_2023,2023,39.23378,-119.80309,2023-09-26,2023-10-28,32,Wetland,Rural,24,0.006079710406497238,0.4411248011927846,1.6608844120255977
TruckeeMeadows,NV_Wetland_Rural_TruckeeMeadows_loc02_dep02A_2023,2023,39.23378,-119.80309,2023-10-28,2023-11-05,8,Wetland,Rural,3,0.01364577847132328,0.04118628820876277,1.6608844120255977
TruckeeMeadows,NV_Wetland_Rural_TruckeeMeadows_loc02_dep02B_2023,2023,39.23378,-119.80309,2023-11-06,2023-11-08,2,Wetland,Rural,1,0.01702522954944003,0.17449912587010338,1.6608844120255977
TruckeeMeadows,NV_Wetland_Rural_TruckeeMeadows_loc02_dep03_2023,2023,39.23378,-119.80309,2023-11-20,2023-11-29,9,Wetland,Rural,5,0.013378127617084358,0.2337492759418108,1.6608844120255977
TruckeeMeadows,NV_Wetland_Rural_TruckeeMeadows_loc03_dep01_2023,2023,39.23417,-119.80541,2023-09-26,2023-09-27,1,Wetland,Rural,11,0.01736456231006289,11.372777489422713,1.6608844120255977
TruckeeMeadows,NV_Wetland_Rural_TruckeeMeadows_loc03_dep02_2023,2023,39.23417,-119.80541,2023-10-05,2023-10-08,3,Wetland,Rural,2,0.0165851780539677,0.3522495760852245,1.6608844120255977
TruckeeMeadows,NV_Wetland_Rural_TruckeeMeadows_loc03_dep03_2023,2023,39.23417,-119.80541,2023-10-11,2023-10-16,5,Wetland,Rural,8,0.015317743865078108,1.3476520972899007,1.6608844120255977
TruckeeMeadows,NV_Wetland_Rural_TruckeeMeadows_loc03_dep04_2023,2023,39.23417,-119.80541,2023-10-28,2023-10-29,1,Wetland,Rural,2,0.01736456231006289,1.7742531778061905,1.6608844120255977
TruckeeMeadows,NV_Wetland_Rural_TruckeeMeadows_loc03_dep05A_2023,2023,39.23417,-119.80541,2023-11-08,2023-11-20,12,Wetland,Rural,3,0.012031938042619206,-0.09212654945257782,1.6608844120255977
TruckeeMeadows,NV_Wetland_Rural_TruckeeMeadows_loc03_dep05B_2023,2023,39.23417,-119.80541,2023-11-20,2023-11-29,9,Wetland,Rural,6,0.013378127617084358,0.3522495760852245,1.6608844120255977
TruckeeMeadows,NV_Wetland_Rural_TruckeeMeadows_loc04_dep01_2023,2023,39.23331,-119.79649,2023-09-26,2023-10-10,14,Wetland,Rural,9,0.011351409987831948,0.3268566546259214,1.4201955532816883
TruckeeMeadows,NV_Wetland_Rural_TruckeeMeadows_loc04_dep02_2023,2023,39.23331,-119.79649,2023-10-12,2023-10-29,17,Wetland,Rural,12,0.010230699967698676,0.394073211429959,1.4201955532816883
TruckeeMeadows,NV_Wetland_Rural_TruckeeMeadows_loc04_dep03A_2023,2023,39.23331,-119.79649,2023-10-29,2023-11-04,6,Wetland,Rural,28,0.014454089128736547,4.618260381248127,1.4201955532816883
TruckeeMeadows,NV_Wetland_Rural_TruckeeMeadows_loc04_dep03B_2023,2023,39.23331,-119.79649,2023-11-05,2023-11-19,14,Wetland,Rural,47,0.011351409987831948,3.2216497009864633,1.4201955532816883
TruckeeMeadows,NV_Wetland_Rural_TruckeeMeadows_loc04_dep03C_2023,2023,39.23331,-119.79649,2023-11-19,2023-11-29,10,Wetland,Rural,44,0.013031093173732975,4.333859660903931,1.4201955532816883
TruckeeMeadows,NV_Wetland_Rural_TruckeeMeadows_loc05_dep01_2023,2023,39.2291,-119.79926,2023-09-29,2023-10-21,22,Wetland,Rural,32,0.008407879074365812,1.1925244316476085,1.4201955532816883
TruckeeMeadows,NV_Wetland_Rural_TruckeeMeadows_loc06_dep01_2023,2023,39.23154,-119.7971,2023-09-29,2023-10-05,6,Wetland,Rural,14,0.014454089128736547,2.1297540782364286,1.4201955532816883
TruckeeMeadows,NV_Wetland_Rural_TruckeeMeadows_loc07_dep01_2023,2023,39.23198,-119.80249,2023-10-01,2023-10-12,11,Wetland,Rural,2,0.012587743350579994,-0.1648426427223998,1.4201955532816883
TruckeeMeadows,NV_Wetland_Rural_TruckeeMeadows_loc08_dep01_2023,2023,39.23266,-119.79419,2023-10-11,2023-10-26,15,Wetland,Rural,16,0.010714722926383202,0.7788506566015176,1.4201955532816883
TruckeeMeadows,NV_Wetland_Rural_TruckeeMeadows_loc08_dep02A_2023,2023,39.23266,-119.79419,2023-10-29,2023-11-05,7,Wetland,Rural,3,0.014454089128736547,0.0983203614921949,1.4201955532816883
TruckeeMeadows,NV_Wetland_Rural_TruckeeMeadows_loc08_dep02B_2023,2023,39.23266,-119.79419,2023-11-05,2023-11-19,14,Wetland,Rural,5,0.011351409987831948,0.022141597114285375,1.4201955532816883
TruckeeMeadows,NV_Wetland_Rural_TruckeeMeadows_loc08_dep03_2023,2023,39.23266,-119.79419,2023-11-22,2023-11-29,7,Wetland,Rural,3,0.014454089128736547,0.0983203614921949,1.4201955532816883
TruckeeMeadows,NV_Wetland_Rural_TruckeeMeadows_loc09_dep01A_2023,2023,39.23211,-119.79108,2023-10-11,2023-11-04,24,Wetland,Rural,21,0.008027219068119682,0.5744376388541251,1.076695440975998
TruckeeMeadows,NV_Wetland_Rural_TruckeeMeadows_loc09_dep01B_2023,2023,39.23211,-119.79108,2023-11-09,2023-11-19,10,Wetland,Rural,7,0.013031093173732975,0.3877996661282483,1.076695440975998
TruckeeMeadows,NV_Wetland_Rural_TruckeeMeadows_loc09_dep01C_2023,2023,39.23211,-119.79108,2023-11-19,2023-11-29,10,Wetland,Rural,18,0.013031093173732975,1.5609526375480456,1.076695440975998
TruckeeMeadows,NV_Wetland_Rural_TruckeeMeadows_loc10_dep01_2023,2023,39.23517,-119.81008,2023-11-08,2023-11-29,21,Wetland,Rural,8,0.008908723954066333,0.04753451857358855,1.6608844120255977
TruckeeMeadows,NV_Wetland_Rural_TruckeeMeadows_loc12_dep01_2023,2023,39.22965,-119.79094,2023-11-22,2023-11-29,7,Wetland,Rural,3,0.014454089128736547,0.0983203614921949,1.076695440975998
CowCreek,OR_Forest_Cow_Creek_20_02_2020,2020,43.10405,-123.03687,2020-10-06,2020-10-27,21,Forest,Wild,2,0.09877857809717604,-0.2571805389380472,-0.9551610518826611
CowCreek,OR_Forest_Cow_Creek_20_10_2020,2020,43.05536,-122.95079,2020-10-05,2020-10-27,22,Forest,Wild,2,1,-0.2617974337488295,-0.8504203520398484
CowCreek,OR_Forest_Cow_Creek_20_11_2020,2020,43.05504,-122.93709,2020-10-05,2020-10-27,22,Forest,Wild,2,0.0937029710065141,-0.2617974337488295,-0.9489210118058025
CowCreek,OR_Forest_Cow_Creek_20_12_2020,2020,43.03803,-122.94518,2020-10-05,2020-10-27,22,Forest,Wild,2,0.0937029710065141,-0.2617974337488295,-0.8437633918754577
CowCreek,OR_Forest_Cow_Creek_20_16_2020,2020,43.01642,-122.92581,2020-10-05,2020-10-27,22,Forest,Wild,2,0.0937029710065141,-0.2617974337488295,-0.9770513979801213
CowCreek,OR_Forest_Cow_Creek_20_17_2020,2020,42.99731,-122.94067,2020-10-05,2020-10-27,22,Forest,Wild,3,0.0937029710065141,-0.21332003823561513,-0.9409267921803907
CowCreek,OR_Forest_Cow_Creek_20_18_2020,2020,42.97698,-122.94605,2020-10-05,2020-10-27,22,Forest,Wild,7,0.0937029710065141,-0.019410456182755866,-0.8451249981388366
Forrester,OR_Forest_Forrester_21_dep_05_2021,2021,45.30468,-118.55659,2021-09-01,2021-10-28,57,Forest,Wild,4,0.053166011660534016,-0.2839099299478398,-0.08491771940553228
Forrester,OR_Forest_Forrester_21_dep_06_2021,2021,45.30501,-118.54423,2021-09-01,2021-10-28,57,Forest,Wild,12,0.053166011660534016,-0.13422534029300084,0.9272443337775285
Forrester,OR_Forest_Forrester_21_dep_08_2021,2021,45.30592,-118.51761,2021-09-01,2021-11-08,68,Forest,Wild,16,0.03725567803641198,-0.10781041270685301,1.0389790684583284
Forrester,OR_Forest_Forrester_21_dep_11_2021,2021,45.29587,-118.56839,2021-09-01,2021-10-10,39,Forest,Wild,5,0.0973390055353496,-0.22202110922516632,-0.3648129447267588
Forrester,OR_Forest_Forrester_21_dep_18_2021,2021,45.28759,-118.54345000000001,2021-09-01,2021-11-05,65,Forest,Wild,4,0.04130602629100546,-0.2931212893112145,-0.24499809611161913
Forrester,OR_Forest_Forrester_21_dep_19_2021,2021,45.28717,-118.53052,2021-09-01,2021-11-08,68,Forest,Wild,49,0.03725567803641198,0.4097570746842342,0.10101805406725053
Forrester,OR_Forest_Forrester_21_dep_22_2021,2021,45.27756,-118.5687,2021-09-01,2021-11-04,64,Forest,Wild,29,0.04210857258832706,0.12450681174710065,0.06378075403318519
Forrester,OR_Forest_Forrester_21_dep_23_2021,2021,45.27858,-118.55617,2021-09-01,2021-11-24,84,Forest,Wild,4,0.021871598896153026,-0.3079663818566531,-0.32863934287756663
Forrester,OR_Forest_Forrester_21_dep_26_2021,2021,45.27822,-118.51726,2021-09-01,2021-11-23,83,Forest,Wild,31,0.021871598896153026,0.039580109441758174,0.24211155427348088
OregonStateUni,OR_Forest_OregonStateUni_ORSNAP01 09/22/2023_2023,2023,44.43742,-123.4395317,2023-09-22,2023-11-03,42,Forest,Wild,2,0.017210856058631867,-0.3079663818566531,-0.9110431337917664
OregonStateUni,OR_Forest_OregonStateUni_ORSNAP02 09/22/2023_2023,2023,44.43729,-123.4464166,2023-09-22,2023-11-03,42,Forest,Wild,2,0.017210856058631867,-0.3079663818566531,-1.0903403962298928
OregonStateUni,OR_Forest_OregonStateUni_ORSNAP03 09/22/2023_2023,2023,44.43307,-123.4523834,2023-09-22,2023-11-03,42,Forest,Wild,2,0.017210856058631867,-0.3079663818566531,-1.0903403962298928
OregonStateUni,OR_Forest_OregonStateUni_ORSNAP04 09/22/2023_2023,2023,44.42942,-123.450666,2023-09-22,2023-11-03,42,Forest,Wild,2,0.017210856058631867,-0.3079663818566531,-1.1372899532903291
OregonStateUni,OR_Forest_OregonStateUni_ORSNAP05 09/22/2023_2023,2023,44.42244,-123.4467558,2023-09-22,2023-11-03,42,Forest,Wild,2,0.017210856058631867,-0.3079663818566531,-1.1372899532903291
OregonStateUni,OR_Forest_OregonStateUni_ORSNAP06 09/22/2023_2023,2023,44.41901,-123.4466669,2023-09-22,2023-11-03,42,Forest,Wild,2,1,-0.3079663818566531,-1.053745942511423
OregonStateUni,OR_Forest_OregonStateUni_ORSNAP07 09/22/2023_2023,2023,44.41525,-123.4486857,2023-09-22,2023-11-03,42,Forest,Wild,2,0.017210856058631867,-0.3079663818566531,-1.053745942511423
OregonStateUni,OR_Forest_OregonStateUni_ORSNAP08 09/22/2023_2023,2023,44.41209,-123.4538643,2023-09-22,2023-11-03,42,Forest,Wild,2,0.017210856058631867,-0.3079663818566531,-0.9932613780101426
OregonStateUni,OR_Forest_OregonStateUni_ORSNAP09 09/22/2023_2023,2023,44.40897,-123.4620278,2023-09-22,2023-11-03,42,Forest,Wild,2,0.017210856058631867,-0.3079663818566531,-1.1399289349542798
OregonStateUni,OR_Forest_OregonStateUni_ORSNAP10 09/22/2023_2023,2023,44.40901,-123.4699743,2023-09-22,2023-11-03,42,Forest,Wild,4,0.017210856058631867,-0.2571805389380472,-1.2717482693541546
OregonStateUni,OR_Forest_OregonStateUni_ORSNAP11 09/22/2023_2023,2023,44.41071,-123.4772571,2023-09-22,2023-11-03,42,Forest,Wild,2,0.017210856058631867,-0.3079663818566531,-1.0679135131463735
OregonStateUni,OR_Forest_OregonStateUni_ORSNAP12 09/22/2023_2023,2023,44.40812,-123.4879106,2023-09-22,2023-11-03,42,Forest,Wild,2,0.017210856058631867,-0.3079663818566531,-0.9999230260681492
OregonStateUni,OR_Forest_OregonStateUni_ORSNAP13 09/22/2023_2023,2023,44.41028,-123.4807754,2023-09-22,2023-11-03,42,Forest,Wild,2,0.017210856058631867,-0.3079663818566531,-1.0679135131463735
OregonStateUni,OR_Forest_OregonStateUni_ORSNAP14 09/22/2023_2023,2023,44.40988,-123.4575996,2023-09-22,2023-11-03,42,Forest,Wild,2,0.017210856058631867,-0.3079663818566531,-1.1399289349542798
OregonStateUni,OR_Forest_OregonStateUni_ORSNAP15 09/22/2023_2023,2023,44.42656,-123.4486214,2023-09-22,2023-11-03,42,Forest,Wild,2,0.017210856058631867,-0.3079663818566531,-1.1372899532903291
OregonStateUni,OR_Forest_Oregon_State_University_11_2019,2019,44.41208,-123.45385,2019-09-06,2019-10-23,47,Forest,Wild,5,0.014333457090611033,-0.24529449059539493,-0.9932613780101426
OregonStateUni,OR_Forest_Oregon_State_University_13_2019,2019,44.41071,-123.47724,2019-09-06,2019-10-23,47,Forest,Wild,8,0.014333457090611033,-0.17721985008747587,-1.0679135131463735
OregonStateUni,OR_Forest_Oregon_State_University_14_2019,2019,44.42231,-123.42228,2019-09-06,2019-10-23,47,Forest,Wild,3,0.014333457090611033,-0.2906775842673405,-0.8804635500339661
OregonStateUni,OR_Forest_Oregon_State_University_1_2019,2019,44.43746,-123.4404,2019-09-06,2019-10-23,47,Forest,Wild,4,0.014333457090611033,-0.26798603743136756,-0.9110431337917664
OregonStateUni,OR_Forest_Oregon_State_University_20_01_2020,2020,44.4374,-123.4395,2020-09-04,2020-10-24,50,Forest,Wild,3,0.01276753571577272,-0.2947620626978156,-0.9110431337917664
OregonStateUni,OR_Forest_Oregon_State_University_20_06_2020,2020,44.419,-123.4467,2020-09-04,2020-10-24,50,Forest,Wild,3,0.01276753571577272,-0.2947620626978156,-1.053745942511423
OregonStateUni,OR_Forest_Oregon_State_University_20_08_2020,2020,44.4121,-123.4539,2020-09-04,2020-10-24,50,Forest,Wild,3,0.01276753571577272,-0.2947620626978156,-0.9932613780101426
OregonStateUni,OR_Forest_Oregon_State_University_20_09_2020,2020,44.409,-123.462,2020-09-04,2020-10-24,50,Forest,Wild,19,0.01276753571577272,0.0465188017152164,-1.1399289349542798
OregonStateUni,OR_Forest_Oregon_State_University_20_15_2020,2020,44.4266,-123.4486,2020-09-04,2020-10-24,50,Forest,Wild,4,0.01276753571577272,-0.273432008672001,-1.1372899532903291
OregonStateUni,OR_Forest_Oregon_State_University_22_ORSNAP09 09/23/2022_2022,2022,44.40897,-123.4620278,2022-09-23,2022-11-11,49,Forest,Wild,3,0.013524536791867478,-0.2934561410227657,-1.1399289349542798
OregonStateUni,OR_Forest_Oregon_State_University_22_ORSNAP12 09/23/2022_2022,2022,44.40812,-123.4879106,2022-09-23,2022-11-11,49,Forest,Wild,3,0.013524536791867478,-0.2934561410227657,-0.9999230260681492
OregonStateUni,OR_Forest_Oregon_State_University_2_2019,2019,44.43848,-123.44706,2019-09-06,2019-10-23,47,Forest,Wild,3,0.014333457090611033,-0.2906775842673405,-1.0903403962298928
OregonStateUni,OR_Forest_Oregon_State_University_3_2019,2019,44.43306,-123.45237,2019-09-06,2019-09-18,12,Forest,Wild,1,0.04711833691411567,-0.2698769996676987,-1.0903403962298928
OregonStateUni,OR_Forest_Oregon_State_University_5_2019,2019,44.42362,-123.4461,2019-09-06,2019-10-23,47,Forest,Wild,3,1,-0.2906775842673405,-1.1372899532903291
OregonStateUni,OR_Forest_Oregon_State_University_7_2019,2019,44.42099,-123.41943,2019-09-06,2019-10-23,47,Forest,Wild,3,0.014333457090611033,-0.2906775842673405,-0.8804635500339661
OregonStateUni,OR_Forest_Oregon_State_University_9_2019,2019,44.40896,-123.46201,2019-09-06,2019-10-23,47,Forest,Wild,3,0.014333457090611033,-0.2906775842673405,-1.1399289349542798
Forrester,OR_Forest_Starkey_Experimental_Forest_26_2019,2019,45.29552,-118.58155,2019-09-01,2019-10-02,31,Forest,Wild,2,0.12484753498820085,-0.2899455988855348,0.5949408773299851
Forrester,OR_Forest_Starkey_Experimental_Forest_37_2019,2019,45.28695,-118.58028,2019-09-01,2019-10-02,31,Forest,Wild,13,1,0.0884908435079477,-0.18890518059909137
Forrester,OR_Forest_Starkey_Experimental_Forest_38_2019,2019,45.28624,-118.5694,2019-09-01,2019-10-02,31,Forest,Wild,6,1,-0.1523323471060867,-0.28379086949364846
Forrester,OR_Forest_Starkey_Experimental_Forest_40_2019,2019,45.28763,-118.54344,2019-09-01,2019-10-02,31,Forest,Wild,4,0.12484753498820085,-0.2211389729958108,-0.24499809611161913
Forrester,OR_Forest_Starkey_Experimental_Forest_46_2019,2019,45.27832,-118.60679,2019-09-01,2019-10-08,37,Forest,Wild,5,1,-0.21463023811435042,-0.7753271012361026
Forrester,OR_Forest_Starkey_Experimental_Forest_48B_2019,2019,45.27778,-118.57935,2019-09-03,2019-10-04,31,Forest,Wild,2,0.12484753498820085,-0.2899455988855348,0.14756551083289474
Forrester,OR_Forest_Starkey_Experimental_Forest_49B_2019,2019,45.277589999999996,-118.56878,2019-09-01,2019-10-04,33,Forest,Wild,74,1,2.03279928721,0.06378075403318519
Forrester,OR_Forest_Starkey_Experimental_Forest_50B_2019,2019,45.27851,-118.55618,2019-09-01,2019-10-04,33,Forest,Wild,11,0.11628501976666045,-0.0032513243450178033,-0.32863934287756663
Forrester,OR_Forest_Starkey_Experimental_Forest_51B_2019,2019,45.27849,-118.54291,2019-09-01,2019-10-02,31,Forest,Wild,8,1,-0.0835257212163626,-0.4055784139890402
Forrester,OR_Forest_Starkey_Experimental_Forest_59B_2019,2019,45.26926,-118.58045,2019-09-01,2019-10-04,33,Forest,Wild,2,0.11628501976666045,-0.294115697424306,-0.6383420105104822
McMinnville,OR_McMinnville_W.Grassland.Run_SS23_Cam1 08/23/2023_2023,2023,45.223,-123.25295,2023-10-14,2023-10-30,16,Grassland,Rural,1,0.025707913887121136,-0.2920958059445887,1.68089415666911
OregonStateUni,Oregon_Forest_Lesmeister_21_dep_06_2021,2021,44.41901465,-123.4466669,2021-09-23,2021-11-06,44,Forest,Wild,3,0.015932998605724547,-0.2860361315054369,-1.053745942511423
OregonStateUni,Oregon_Forest_Lesmeister_21_dep_08_2021,2021,44.41208846,-123.4538643,2021-09-23,2021-11-06,44,Forest,Wild,3,0.015932998605724547,-0.2860361315054369,-0.9932613780101426
OregonStateUni,Oregon_Forest_Lesmeister_21_dep_11_2021,2021,44.41071298,-123.4772571,2021-09-23,2021-11-06,44,Forest,Wild,5,0.015932998605724547,-0.23755873599222177,-1.0679135131463735
OregonStateUni,Oregon_Forest_Lesmeister_21_dep_12_2021,2021,44.40811798,-123.4879106,2021-09-23,2021-11-06,44,Forest,Wild,3,0.015932998605724547,-0.2860361315054369,-0.9999230260681492
Wasatch,PC_menlove.Fall.USA.2020_2020,2020,40.79345,-111.67988,2020-10-03,2020-11-02,30,Forest,Wild,7,0.6577643157496342,-0.10990159447409026,-0.4421435305667862
Wasatch,RB_06.USA.2020_2020,2020,40.80686,-111.78573,2020-08-17,2020-08-22,5,Forest,Wild,5,1,0.7077504765154657,-1.333493877239523
Wasatch,RB_09.USA.2020_2020,2020,40.79888,-111.77295,2020-10-03,2020-11-07,35,Forest,Wild,2,1,-0.2978092132729319,-0.4964101334579449
Wasatch,RB_10.USA.2020_2020,2020,40.80299,-111.76394,2020-08-17,2020-10-03,47,Forest,Wild,54,1,0.8665913043672802,-1.3240560888235506
Wasatch,RB_13.USA.2020_2020,2020,40.80783,-111.74773,2020-08-17,2020-10-03,47,Forest,Wild,43,1,0.6169842891715749,0.36367619698830844
Custer,SD_Grassland_Custer_County_20_01_2020,2020,43.72727,-103.80279,2020-09-15,2020-09-23,8,Grassland,Wild,1,0.029200155708022917,-0.22543938711391842,-1.1012105629806852
Custer,SD_Grassland_Custer_County_9_2019,2019,43.72644,-103.79394,2019-09-15,2019-11-07,53,Grassland,Wild,3,0.006340753158357345,-0.29838414734370855,-0.8770239971174263
YoakumDunes,TX_Grassland_YoakumDunes_21_dep_01 09/01/2021_2021,2021,33.403084,-102.712222,2021-09-01,2021-09-16,15,Grassland,Wild,3,0.0125319386350529,-0.14545168451711407,-0.6046377188206318
YoakumDunes,TX_Grassland_YoakumDunes_21_dep_02 09/01/2021_2021,2021,33.40425,-102.700023,2021-09-01,2021-09-16,15,Grassland,Wild,1,0.0125319386350529,-0.2876520446892107,-0.7508771652215022
YoakumDunes,TX_Grassland_YoakumDunes_21_dep_03 09/20/2021_2021,2021,33.402965,-102.698472,2021-09-20,2021-09-23,3,Grassland,Wild,2,0.019378519467577068,0.3522495760852245,-0.7508771652215022
YoakumDunes,TX_Grassland_YoakumDunes_21_dep_03 09/20/21_2021,2021,33.402965,-102.698472,2021-09-20,2021-10-13,23,Grassland,Wild,5,0.009644055289997776,-0.1269038114511885,-0.7508771652215022
YoakumDunes,TX_Grassland_YoakumDunes_21_dep_04 09/01/2021_2021,2021,33.410034,-102.673482,2021-09-01,2021-09-16,15,Grassland,Wild,2,0.0125319386350529,-0.21655186460316275,-0.511807444445378
YoakumDunes,TX_Grassland_YoakumDunes_21_dep_05 09/01/2021_2021,2021,33.405826,-102.668921,2021-09-01,2021-09-15,14,Grassland,Wild,1,0.013275158740380795,-0.28257346039735015,-0.511807444445378
YoakumDunes,TX_Grassland_YoakumDunes_21_dep_05 09/16/2021_2021,2021,33.405826,-102.668921,2021-09-16,2021-10-14,28,Grassland,Wild,2,0.008178341280776926,-0.28257346039735015,-0.511807444445378
YoakumDunes,TX_Grassland_YoakumDunes_21_dep_06 09/01/2021_2021,2021,33.402469,-102.652339,2021-09-01,2021-09-16,15,Grassland,Wild,7,0.0125319386350529,0.13894903582707957,-0.5616817934582793
YoakumDunes,TX_Grassland_YoakumDunes_21_dep_06 09/16/2021_2021,2021,33.402469,-102.652339,2021-09-16,2021-10-14,28,Grassland,Wild,8,0.008178341280776926,-0.05403716726362309,-0.5616817934582793
YoakumDunes,TX_Grassland_YoakumDunes_21_dep_07 09/01/2021_2021,2021,33.399781,-102.659046,2021-09-01,2021-09-16,15,Grassland,Wild,1,0.0125319386350529,-0.2876520446892107,-0.6161263850846648
YoakumDunes,TX_Grassland_YoakumDunes_21_dep_08 09/01/2021_2021,2021,33.399333,-102.667384,2021-09-01,2021-09-16,15,Grassland,Wild,1,0.0125319386350529,-0.2876520446892107,-0.6161263850846648
YoakumDunes,TX_Grassland_YoakumDunes_21_dep_09 09/01/2021_2021,2021,33.392645,-102.694614,2021-09-01,2021-09-16,15,Grassland,Wild,1,0.0125319386350529,-0.2876520446892107,-0.7306012691982063
YoakumDunes,TX_Grassland_YoakumDunes_21_dep_10 09/01/2021_2021,2021,33.387569,-102.71258,2021-09-01,2021-09-16,15,Grassland,Wild,2,0.0125319386350529,-0.21655186460316275,-0.5292905656494751
YoakumDunes,TX_Grassland_YoakumDunes_22_PT 09/28/2022_2022,2022,33.402469,-102.652339,2022-09-28,2022-10-03,5,Grassland,Wild,1,0.017901504804576668,-0.14545168451711407,-0.5616817934582793
YoakumDunes,TX_Grassland_YoakumDunes_23_MDT 09/13/2023_2023,2023,33.405829,-102.674661,2023-09-13,2023-10-06,23,Grassland,Wild,2,0.009644055289997776,-0.2660128594456308,-0.511807444445378
YoakumDunes,TX_Grassland_YoakumDunes_23_Middle 09/13/2023_2023,2023,33.402965,-102.698472,2023-09-13,2023-10-31,48,Grassland,Wild,3,0.003940929877132821,-0.2920958059445887,-0.7508771652215022
SLC,UT_Anthropogenic_Urban_SLC_23_dep_00_2023,2023,40.85159,-111.96394,2023-09-05,2023-10-31,56,Desert,Urban,18,0.005159592634443122,-0.015947785074669363,1.939934757938401
SLC,UT_Anthropogenic_Urban_SLC_23_dep_01_2023,2023,40.84831,-111.959,2023-09-01,2023-10-30,59,Desert,Urban,4,0.00464731915750401,-0.28644695689114213,2.276277515241237
Wasatch,UT_Forest_Wasatch_21_dep_01_2021,2021,40.79163,-111.67913,2021-08-14,2021-09-11,28,Forest,Wild,3,0.675198928437413,-0.24448407820839582,-0.4421435305667862
Wasatch,UT_Forest_Wasatch_21_dep_02_2021,2021,40.804176,-111.765672,2021-10-01,2021-11-06,36,Forest,Wild,78,1,1.9520036280213149,-1.3240560888235506
Wasatch,UT_Forest_Wasatch_21_dep_03_2021,2021,40.803,-111.76397,2021-09-18,2021-11-06,49,Forest,Wild,10,0.49936463771628403,-0.1410986122669481,-1.3240560888235506
Wasatch,UT_Forest_Wasatch_21_dep_04_2021,2021,40.79973,-111.77186,2021-09-18,2021-11-06,49,Forest,Wild,37,1,0.44656614150549184,-0.4964101334579449
Wasatch,UT_Forest_Wasatch_21_dep_05_2021,2021,40.79092,-111.78276,2021-09-18,2021-11-06,49,Forest,Wild,30,0.49936463771628403,0.2942086127496749,-1.1562768297901833
Wasatch,UT_Forest_Wasatch_21_dep_10_2021,2021,40.79198,-111.79553,2021-09-19,2021-11-07,49,Forest,Wild,18,1,0.03302427773970089,-0.9917842378523599
Wasatch,UT_Forest_Wasatch_21_dep_12_2021,2021,40.80763,-111.7837,2021-08-15,2021-11-07,84,Forest,Wild,42,1,0.17449912587010338,-1.333493877239523
Wasatch,UT_Forest_Wasatch_21_dep_13_2021,2021,40.79494,-111.68028,2021-09-11,2021-11-07,57,Forest,Wild,12,1,-0.13422534029300084,-0.4421435305667862
Wasatch,UT_Forest_Wasatch_22_dep_03_2022,2022,40.79225,-111.79558,2022-08-20,2022-10-09,50,Forest,Wild,22,1,0.11050896379265988,-0.9917842378523599
Wasatch,UT_Forest_Wasatch_22_dep_04_2022,2022,40.80228,-111.79276,2022-08-20,2022-10-09,50,Forest,Wild,19,1,0.0465188017152164,-1.4092887998626895
Wasatch,UT_Forest_Wasatch_22_dep_05_2022,2022,40.80768,-111.78326,2022-08-20,2022-10-09,50,Forest,Wild,18,1,0.025188747689401887,-1.333493877239523
Wasatch,UT_Forest_Wasatch_22_dep_07_2022,2022,40.79142,-111.78157,2022-10-01,2022-11-08,38,Forest,Wild,47,0.5943394552584704,0.960343221558008,-1.1562768297901833
Wasatch,UT_Forest_Wasatch_22_dep_08_2022,2022,40.79967,-111.77359,2022-10-01,2022-11-01,31,Forest,Wild,14,1,0.12289415645280975,-0.4964101334579449
Wasatch,UT_Forest_Wasatch_22_dep_09_2022,2022,40.80465,-111.76551,2022-10-01,2022-11-08,38,Forest,Wild,11,0.5943394552584704,-0.050027758612154825,-1.3240560888235506
Wasatch,UT_Forest_Wasatch_22_dep_10_2022,2022,40.81322,-111.76157,2022-10-01,2022-11-08,38,Forest,Wild,9,1,-0.10615947973271884,-1.2737209652344035
Wasatch,UT_Forest_Wasatch_22_dep_11_2022,2022,40.812367,-111.761525,2022-10-01,2022-11-08,38,Forest,Wild,11,1,-0.050027758612154825,-1.2737209652344035
Wasatch,UT_Forest_Wild_Wasatch_23_dep_03_2023,2023,40.79225,-111.79558,2023-09-09,2023-11-04,56,Forest,Wild,9,1,-0.18735000492496368,-0.9917842378523599
Wasatch,UT_Forest_Wild_Wasatch_23_dep_04_2023,2023,40.80228,-111.79276,2023-09-09,2023-11-04,56,Forest,Wild,9,1,-0.18735000492496368,-1.4092887998626895
Wasatch,UT_Forest_Wild_Wasatch_23_dep_05_2023,2023,40.80768,-111.78326,2023-09-09,2023-11-04,56,Forest,Wild,8,1,-0.20639469601944108,-1.333493877239523
Wasatch,UT_Forest_Wild_Wasatch_23_dep_07_2023,2023,40.79142,-111.78157,2023-09-10,2023-11-05,56,Forest,Wild,30,1,0.21258850805905818,-1.1562768297901833
Wasatch,UT_Forest_Wild_Wasatch_23_dep_08_2023,2023,40.7989,-111.772847,2023-09-10,2023-11-05,56,Forest,Wild,25,1,0.11736505258667124,-0.4964101334579449
Wasatch,UT_Forest_Wild_Wasatch_23_dep_09_2023,2023,40.80465,-111.76551,2023-09-10,2023-11-05,56,Forest,Wild,12,0.4384832274106031,-0.13021593164153258,-1.3240560888235506
Wasatch,UT_Forest_Wild_Wasatch_23_dep_10_2023,2023,40.81322,-111.76157,2023-09-10,2023-11-05,56,Forest,Wild,12,1,-0.13021593164153258,-1.2737209652344035
Wasatch,UT_Forest_Wild_Wasatch_23_dep_11_2023,2023,40.8065,-111.75555,2023-09-10,2023-11-05,56,Forest,Wild,13,0.4384832274106031,-0.1111712405470552,-0.5305160717754607
KamiakButte,WA_Kamiak_21_dep_01_2021,2021,46.87136,-117.15315,2021-09-17,2021-10-15,28,Forest,Wild,3,0.008949104054336013,-0.24448407820839582,0.4106070024742578
KamiakButte,WA_Kamiak_21_dep_02_2021,2021,46.87035,-117.15128,2021-09-17,2021-10-15,28,Forest,Wild,3,0.008949104054336013,-0.24448407820839582,0.15101822009604535
KamiakButte,WA_Kamiak_21_loc_0010 09/17/2021_2021,2021,46.86254,-117.17386,2021-09-24,2021-10-15,21,Forest,Wild,3,0.011402734537445072,-0.20639469601944108,0.6449551070396478
KamiakButte,WA_Kamiak_21_loc_017 09/17/2021_2021,2021,46.86314,-117.16644,2021-09-24,2021-10-15,21,Forest,Wild,2,0.011402734537445072,-0.2571805389380472,0.09716369817642473
KamiakButte,WA_Kamiak_21_loc_03 09/17/2021_2021,2021,46.86914,-117.15094,2021-09-17,2021-10-15,28,Forest,Wild,3,0.008949104054336013,-0.24448407820839582,0.15101822009604535
KamiakButte,WA_Kamiak_21_loc_04 09/17/2021_2021,2021,46.86703,-117.15267,2021-09-17,2021-09-30,13,Forest,Wild,1,0.01451923618737736,-0.27671355544520326,0.4106070024742578
KamiakButte,WA_Kamiak_21_loc_05 09/17/2021_2021,2021,46.86577,-117.15746,2021-09-24,2021-10-15,21,Forest,Wild,2,0.011402734537445072,-0.2571805389380472,0.4106070024742578
KamiakButte,WA_Kamiak_21_loc_06 09/17/2021_2021,2021,46.86653,-117.16013,2021-09-24,2021-10-15,21,Forest,Wild,2,0.011402734537445072,-0.2571805389380472,0.4106070024742578
KamiakButte,WA_Kamiak_21_loc_07 09/17/2021_2021,2021,46.8644,-117.16098,2021-09-24,2021-10-15,21,Forest,Wild,3,0.011402734537445072,-0.20639469601944108,0.4106070024742578
KamiakButte,WA_Kamiak_21_loc_12 09/17/2021_2021,2021,46.86596,-117.16371,2021-09-24,2021-10-15,21,Forest,Wild,3,0.011402734537445072,-0.20639469601944108,0.20627018798189106
KamiakButte,WA_Kamiak_21_loc_19 09/17/2021_2021,2021,46.86548,-117.1549,2021-09-24,2021-10-15,21,Forest,Wild,3,0.011402734537445072,-0.20639469601944108,0.4106070024742578
SmootHill,WA_Smoot_Hill_0012 10/15/2021_2021,2021,46.82788,-117.216,2021-10-18,2021-11-12,25,Forest,Rural,2,0.008872770549458975,-0.273432008672001,0.05735350065623068
SmootHill,WA_Smoot_Hill_006 10/15/2021_2021,2021,46.82601,-117.21317,2021-10-16,2021-11-10,25,Forest,Rural,3,0.008872770549458975,-0.23077190062037206,0.05735350065623068
SmootHill,WA_Smoot_Hill_01 10/15/2021_2021,2021,46.82758,-117.21301,2021-10-16,2021-11-10,25,Forest,Rural,3,0.008872770549458975,-0.23077190062037206,0.05735350065623068
SmootHill,WA_Smoot_Hill_014 10/15/2021_2021,2021,46.82626,-117.22653,2021-10-16,2021-11-10,25,Forest,Rural,3,0.008872770549458975,-0.23077190062037206,0.4902103093862889
SmootHill,WA_Smoot_Hill_016 10/15/2021_2021,2021,46.82444,-117.23443,2021-10-16,2021-11-10,25,Forest,Rural,4,0.008872770549458975,-0.18811179256874305,0.1856410364908896
SmootHill,WA_Smoot_Hill_017 10/15/2021_2021,2021,46.82974,-117.2294,2021-10-16,2021-11-10,25,Forest,Rural,4,0.008872770549458975,-0.18811179256874305,0.4902103093862889
SmootHill,WA_Smoot_Hill_019 10/15/2021_2021,2021,46.82757,-117.2343,2021-10-15,2021-11-10,26,Forest,Rural,3,0.008479589285456219,-0.23569422078017582,0.7967274776924539
SmootHill,WA_Smoot_Hill_02 10/15/2021_2021,2021,46.82925,-117.21535,2021-10-16,2021-11-10,25,Forest,Rural,3,0.008872770549458975,-0.23077190062037206,0.05735350065623068
SmootHill,WA_Smoot_Hill_03 10/15/2021_2021,2021,46.82801,-117.22096,2021-10-16,2021-11-10,25,Forest,Rural,4,0.008872770549458975,-0.18811179256874305,0.4902103093862889
SmootHill,WA_Smoot_Hill_04 10/15/2021_2021,2021,46.82614,-117.23397,2021-10-16,2021-11-10,25,Forest,Rural,2,0.008872770549458975,-0.273432008672001,0.7967274776924539
SmootHill,WA_Smoot_Hill_05 10/15/2021_2021,2021,46.82782,-117.22375,2021-10-16,2021-11-05,20,Forest,Rural,2,0.010193995308879216,-0.25210195464618657,0.4902103093862889
SmootHill,WA_Smoot_Hill_07 10/15/2021_2021,2021,46.82983,-117.21767,2021-10-16,2021-11-10,25,Forest,Rural,3,0.008872770549458975,-0.23077190062037206,0.05735350065623068
SmootHill,WA_Smoot_Hill_10 10/15/2021_2021,2021,46.82769,-117.23171,2021-10-15,2021-11-10,26,Forest,Rural,3,0.008479589285456219,-0.23569422078017582,0.7967274776924539
Alexander,WY_Forest_Alexander_21_dep_02_2021,2021,43.65151376,-110.5071142,2021-09-14,2021-10-27,43,Forest,Wild,10,1,-0.11072834075415995,0.7706801797320407
Alexander,WY_Forest_Alexander_21_dep_03_2021,2021,43.66123117,-110.4974213,2021-09-14,2021-10-27,43,Forest,Wild,39,0.11390619621310262,0.6085409229070258,-0.509451399844821
Alexander,WY_Forest_Alexander_21_dep_05_2021,2021,43.64480685,-110.493716,2021-09-13,2021-10-27,44,Forest,Wild,4,1,-0.2617974337488295,-0.6147900329578913
Alexander,WY_Forest_Alexander_21_dep_06_2021,2021,43.64157685,-110.5002437,2021-09-14,2021-10-27,43,Forest,Wild,3,0.11390619621310262,-0.28434505956892947,-0.6147900329578913
Alexander,WY_Forest_Alexander_21_dep_07_2021,2021,43.65513977,-110.4790771,2021-09-13,2021-10-28,45,Forest,Wild,50,0.10927554829310519,0.8262507766588785,0.3294406610955209
Alexander,WY_Forest_Alexander_21_dep_08_2021,2021,43.64633293,-110.4649535,2021-09-13,2021-10-28,45,Forest,Wild,19,0.10927554829310519,0.09154891576971343,-0.7979715933170692
Alexander,WY_Forest_Alexander_21_dep_09_2021,2021,43.64006747,-110.4741261,2021-09-13,2021-10-28,45,Forest,Wild,4,0.10927554829310519,-0.26395198466052794,-1.4597468672426104
Alexander,WY_Forest_Alexander_21_dep_10_2021,2021,43.64154854,-110.4790578,2021-09-13,2021-10-28,45,Forest,Wild,5,1,-0.2402519246318453,-1.4597468672426104
Alexander,WY_Forest_Alexander_21_dep_12_2021,2021,43.63689379,-110.4880219,2021-09-13,2021-10-28,45,Forest,Wild,3,0.10927554829310519,-0.2876520446892107,-0.9525669832640514
Alexander,WY_Forest_Alexander_22_dep01_2022,2022,43.6443,-110.50813,2022-09-12,2022-10-27,45,Forest,Wild,3,0.10927554829310519,-0.2876520446892107,-0.06433605174024307
Alexander,WY_Forest_Alexander_22_dep02_2022,2022,43.65161,-110.50711,2022-09-12,2022-10-11,29,Forest,Wild,8,0.173375571067706,-0.06454458303988692,0.7706801797320407
Alexander,WY_Forest_Alexander_22_dep03_2022,2022,43.66123,-110.49742,2022-09-12,2022-10-27,45,Forest,Wild,22,0.10927554829310519,0.1626490958557621,-0.509451399844821
Alexander,WY_Forest_Alexander_22_dep05_2022,2022,43.64481,-110.49372,2022-09-13,2022-10-29,46,Forest,Wild,5,0.1059091008063966,-0.24282801811322377,-0.6147900329578913
Alexander,WY_Forest_Alexander_22_dep07_2022,2022,43.65514,-110.47908,2022-09-13,2022-10-29,46,Forest,Wild,25,0.1059091008063966,0.22086880853491722,0.3294406610955209
Alexander,WY_Forest_Alexander_22_dep08_2022,2022,43.64729,-110.46736,2022-09-13,2022-10-29,46,Forest,Wild,4,1,-0.2660128594456308,-0.7979715933170692
Alexander,WY_Forest_Alexander_22_dep09_2022,2022,43.64007,-110.47413,2022-09-13,2022-10-29,46,Forest,Wild,3,0.1059091008063966,-0.2891977007780379,-1.4597468672426104
Alexander,WY_Forest_Craighead_20_01_2020,2020,43.6436,-110.5068,2020-09-04,2020-10-17,43,Forest,Wild,3,0.11390619621310262,-0.28434505956892947,-0.06433605174024307
Alexander,WY_Forest_Craighead_20_02_2020,2020,43.652,-110.5072,2020-09-04,2020-10-17,43,Forest,Wild,15,0.11390619621310262,0.013283601256389582,0.7706801797320407
Alexander,WY_Forest_Craighead_20_03_2020,2020,43.6624,-110.4985,2020-09-04,2020-10-17,43,Forest,Wild,56,0.11390619621310262,1.0301815257428955,-0.509451399844821
Alexander,WY_Forest_Craighead_20_05_2020,2020,43.6448,-110.4936,2020-09-04,2020-10-17,43,Forest,Wild,5,1,-0.23474028276470948,-0.24698697278598022
Alexander,WY_Forest_Craighead_20_06_2020,2020,43.6417,-110.5003,2020-09-04,2020-10-17,43,Forest,Wild,7,0.11390619621310262,-0.18513550596048944,-0.6147900329578913
Alexander,WY_Forest_Craighead_20_07_2020,2020,43.6553,-110.4798,2020-09-11,2020-10-21,40,Forest,Wild,52,0.12628981581130028,1.0277012869026831,0.3294406610955209
Alexander,WY_Forest_Craighead_20_08_2020,2020,43.6457,-110.4657,2020-09-10,2020-10-20,40,Forest,Wild,20,1,0.17449912587010338,-0.7979715933170692
Alexander,WY_Forest_Craighead_20_09_2020,2020,43.6401,-110.4741,2020-09-10,2020-10-20,40,Forest,Wild,6,0.12628981581130028,-0.19877681958165033,-1.4597468672426104
Alexander,WY_Forest_Craighead_20_10_2020,2020,43.6416,-110.479,2020-09-10,2020-10-20,40,Forest,Wild,4,1,-0.25210195464618657,-1.4597468672426104
Alexander,WY_Forest_Craighead_20_11_2020,2020,43.637,-110.4881,2020-09-10,2020-10-20,40,Forest,Wild,2,0.12628981581130028,-0.3054270897107228,-0.9525669832640514
Alexander,WY_Forest_Wild_Alexander_23_dep01_2023,2023,43.64430618,-110.5081281,2023-09-11,2023-11-07,57,Forest,Wild,3,0.07303311896806373,-0.30262050365469456,-0.06433605174024307
Alexander,WY_Forest_Wild_Alexander_23_dep02_2023,2023,43.65151376,-110.5071142,2023-09-11,2023-11-07,57,Forest,Wild,6,0.07303311896806373,-0.24648878253412992,0.7706801797320407
Alexander,WY_Forest_Wild_Alexander_23_dep03_2023,2023,43.66123117,-110.4974213,2023-09-11,2023-11-07,57,Forest,Wild,41,1,0.40838129720578853,-0.509451399844821
Alexander,WY_Forest_Wild_Alexander_23_dep05_2023,2023,43.64480685,-110.493716,2023-09-13,2023-11-09,57,Forest,Wild,3,1,-0.30262050365469456,-0.6147900329578913
Alexander,WY_Forest_Wild_Alexander_23_dep06_2023,2023,43.64157685,-110.5002437,2023-09-11,2023-09-23,12,Forest,Wild,1,0.27786939795975485,-0.2698769996676987,-0.6147900329578913
Alexander,WY_Forest_Wild_Alexander_23_dep07_2023,2023,43.65513977,-110.4790771,2023-09-13,2023-11-09,57,Forest,Wild,31,0.07303311896806373,0.22127556013724045,0.3294406610955209
Alexander,WY_Forest_Wild_Alexander_23_dep09_2023,2023,43.639821,-110.456402,2023-09-13,2023-11-09,57,Forest,Wild,19,1,-0.0032513243450178033,0.4112351802194927
Baggs,WY_Grassland_Carbon_County_20_05_2020,2020,41.27278,-107.65516,2020-09-13,2020-11-06,54,Grassland,Wild,4,0.0018584302253956899,-0.2797520246796497,-0.5424045699986688
Baggs,WY_Grassland_Carbon_County_20_09_2020,2020,41.25946,-107.64845,2020-09-13,2020-11-07,55,Grassland,Wild,3,0.0017522965814369541,-0.30057935015940135,-0.17568713525598195
Baggs,WY_Grassland_Carbon_County_6_2019,2019,41.27078,-107.64914,2019-09-07,2019-11-10,64,Grassland,Wild,5,0.00129464948160757,-0.2754317012369212,-0.6384223095915418
Baggs,WY_Grassland_Carbon_County_7_2019,2019,41.26739,-107.64914,2019-09-07,2019-09-19,12,Grassland,Wild,1,0.008022175131694117,-0.2698769996676987,-0.6384223095915418
Baggs,WY_Grassland_Carbon_County_9_2019,2019,41.25946,-107.64845,2019-09-07,2019-11-10,64,Grassland,Wild,4,0.00129464948160757,-0.2920958059445887,-0.17568713525598195
Baggs,WY_Grassland_Wild_Baggs_23_Location10_2023,2023,41.25634,-107.64667,2023-10-09,2023-10-25,16,Grassland,Wild,1,0.006999796538636858,-0.2920958059445887,-0.17568713525598195
Baggs,WY_Grassland_Wild_Baggs_23_Location12_2023,2023,41.27611,-107.65685,2023-09-02,2023-10-20,48,Grassland,Wild,46,0.0022371886969774248,0.6633128639616852,-0.27528067912516097
Baggs,WY_Grassland_Wild_Baggs_23_Location1_2023,2023,41.28419,-107.66229,2023-09-02,2023-09-17,15,Grassland,Wild,2,0.0071407622506429,-0.21655186460316275,-0.27528067912516097
Baggs,WY_Grassland_Wild_Baggs_23_Location4_2023,2023,41.27828,-107.65648,2023-09-02,2023-09-22,20,Grassland,Wild,5,0.005933552068847559,-0.09212654945257782,-0.27528067912516097
Baggs,WY_Grassland_Wild_Baggs_23_Location5_2023,2023,41.27278,-107.65516,2023-09-02,2023-10-25,53,Grassland,Wild,3,0.001945204149048873,-0.29838414734370855,-0.5424045699986688
Baggs,WY_Grassland_Wild_Baggs_23_Location6_2023,2023,41.27078,-107.65013,2023-09-02,2023-10-25,53,Grassland,Wild,3,0.001945204149048873,-0.29838414734370855,-0.6384223095915418
Baggs,WY_Grassland_Wild_Baggs_23_Location7_2023,2023,41.26739,-107.64914,2023-09-02,2023-09-07,5,Grassland,Wild,1,0.010224285735659039,-0.14545168451711407,-0.6384223095915418
Baggs,WY_Grassland_Wild_Baggs_23_Location8_2023,2023,41.26388,-107.64718,2023-09-02,2023-09-17,15,Grassland,Wild,2,0.0071407622506429,-0.21655186460316275,-0.17568713525598195
Wuensch,WY_Grassland_Wuensch_22_003_2022,2022,44.81818,-109.21998,2022-09-14,2022-10-21,37,Grassland,Wild,14,0.007347546084566878,0.0447893378752851,0.27310790689643993
Wuensch,WY_Grassland_Wuensch_22_008_2022,2022,44.80767,-109.21261,2022-09-14,2022-10-21,37,Grassland,Wild,3,0.007347546084566878,-0.2722790327787138,0.07404512395022575
Wuensch,WY_Grassland_Wuensch_22_011_2022,2022,44.80255,-109.22312,2022-09-14,2022-10-21,37,Grassland,Wild,35,0.007347546084566878,0.6501016818511024,-0.021154200149827697
Wuensch,WY_Grassland_Wuensch_22_015_2022,2022,44.83416,-109.20821,2022-09-15,2022-10-21,36,Grassland,Wild,6,0.007495462104159521,-0.18100177456013788,0.9269503574807694
Wuensch,WY_Grassland_Wuensch_22_016_2022,2022,44.83816,-109.21047,2022-09-14,2022-10-21,37,Grassland,Wild,3,0.007347546084566878,-0.2722790327787138,1.5767415606421886
Wuensch,WY_Grassland_Wuensch_22_036_2022,2022,44.81132,-109.21228,2022-09-14,2022-10-21,37,Grassland,Wild,5,0.007347546084566878,-0.21463023811435042,0.07404512395022575
Baggs,WY_grassland_wild_Baggs_22_Deployment12_2022,2022,41.27611,-107.65685,2022-09-11,2022-11-02,52,Grassland,Wild,3,0.0020144804381749173,-0.2972232227777172,-0.27528067912516097
Baggs,WY_grassland_wild_Baggs_22_Deployment13_2022,2022,41.26857,-107.62917,2022-09-11,2022-11-02,52,Grassland,Wild,3,0.0020144804381749173,-0.2972232227777172,-0.6253938971065304
Baggs,WY_grassland_wild_Baggs_22_Deployment14_2022,2022,41.29588,-107.64551,2022-09-11,2022-11-02,52,Grassland,Wild,9,0.0020144804381749173,-0.1741652187826337,-0.7216507192740866
Baggs,WY_grassland_wild_Baggs_22_Deployment2_2022,2022,41.28229,-107.66082,2022-08-11,2022-10-02,52,Grassland,Wild,3,0.0020144804381749173,-0.2972232227777172,-0.27528067912516097
Baggs,WY_grassland_wild_Baggs_22_Deployment4_2022,2022,41.27828,-107.65648,2022-09-11,2022-11-02,52,Grassland,Wild,3,0.0020144804381749173,-0.2972232227777172,-0.27528067912516097
Baggs,WY_grassland_wild_Baggs_22_Deployment7_2022,2022,41.26739,-107.64914,2022-09-11,2022-11-02,52,Grassland,Wild,3,0.0020144804381749173,-0.2972232227777172,-0.6384223095915418
Baggs,WY_grassland_wild_Baggs_22_Deployment8_2022,2022,41.26388,-107.64718,2022-09-11,2022-11-02,52,Grassland,Wild,3,0.0020144804381749173,-0.2972232227777172,-0.17568713525598195
