"","Array","Site_Name","Year","Latitude","Longitude","Start_Date","End_Date","Survey_Nights","Habitat","Development_Level","Humans_Per_Camera","Humans_Per_Camera_Per_Day","Disturbance"
"1","Tucson","AZ_Desert_BC1_dep1_2022","2022",32.303397,-110.803233,"2022-08-18","2022-11-12",86,"Desert","Suburban",60,0.697674418604651,0.720150470733643
"2","Tucson","AZ_Desert_LP7_dep1_2022","2022",32.1865,-110.801335,"2022-09-11","2022-10-27",46,"Desert","Suburban",4,0.0869565217391304,0.750368237495422
"3","McDowell","AZ_Desert_McDowell_Sonoran_Preserve_10_2019","2019",33.74075,-111.80756,"2019-08-26","2019-10-21",56,"Desert","Rural",16,0.285714285714286,0.550867795944214
"4","McDowell","AZ_Desert_McDowell_Sonoran_Preserve_1_2019","2019",33.74051,-111.8153,"2019-08-26","2019-10-21",56,"Desert","Rural",7,0.125,0.567887842655182
"5","McDowell","AZ_Desert_McDowell_Sonoran_Preserve_20_01_2020","2020",33.73354,-111.81382,"2020-09-10","2020-10-26",46,"Desert","Rural",11,0.239130434782609,0.645071983337402
"6","McDowell","AZ_Desert_McDowell_Sonoran_Preserve_20_02_2020","2020",33.6997,-111.79261,"2020-09-11","2020-10-26",45,"Desert","Rural",4,0.0888888888888889,0.143442541360855
"7","McDowell","AZ_Desert_McDowell_Sonoran_Preserve_20_03_2020","2020",33.73341,-111.8083,"2020-09-10","2020-10-26",46,"Desert","Rural",9,0.195652173913043,0.549572587013245
"8","McDowell","AZ_Desert_McDowell_Sonoran_Preserve_20_04_2020","2020",33.72556,-111.81516,"2020-09-10","2020-10-26",46,"Desert","Rural",4,0.0869565217391304,0.689808130264282
"9","McDowell","AZ_Desert_McDowell_Sonoran_Preserve_20_05_2020","2020",33.72388,-111.80848,"2020-09-10","2020-10-26",46,"Desert","Rural",4,0.0869565217391304,0.483727514743805
"10","McDowell","AZ_Desert_McDowell_Sonoran_Preserve_20_06_2020","2020",33.71826,-111.81207,"2020-09-10","2020-10-26",46,"Desert","Rural",6,0.130434782608696,0.689808130264282
"11","McDowell","AZ_Desert_McDowell_Sonoran_Preserve_20_07_2020","2020",33.69793,-111.78978,"2020-09-11","2020-10-27",46,"Desert","Rural",7,0.152173913043478,0.143442541360855
"12","McDowell","AZ_Desert_McDowell_Sonoran_Preserve_20_08_2020","2020",33.69004,-111.80097,"2020-09-11","2020-10-27",46,"Desert","Rural",5,0.108695652173913,0.599783658981323
"13","McDowell","AZ_Desert_McDowell_Sonoran_Preserve_20_10_2020","2020",33.71574,-111.78957,"2020-09-10","2020-10-21",41,"Desert","Rural",5,0.121951219512195,0.128575533628464
"14","McDowell","AZ_Desert_McDowell_Sonoran_Preserve_20_11_2020","2020",33.6969,-111.80902,"2020-09-11","2020-10-27",46,"Desert","Rural",7,0.152173913043478,0.599783658981323
"15","McDowell","AZ_Desert_McDowell_Sonoran_Preserve_3_2019","2019",33.73351,-111.80827,"2019-08-26","2019-10-21",56,"Desert","Rural",17,0.303571428571429,0.549572587013245
"16","McDowell","AZ_Desert_McDowell_Sonoran_Preserve_4_2019","2019",33.7192,-111.81408,"2019-08-26","2019-10-21",56,"Desert","Rural",22,0.392857142857143,0.689808130264282
"17","McDowell","AZ_Desert_McDowell_Sonoran_Preserve_5_2019","2019",33.71981,-111.80666,"2019-08-26","2019-10-21",56,"Desert","Rural",23,0.410714285714286,0.483727514743805
"18","McDowell","AZ_Desert_McDowell_Sonoran_Preserve_6_2019","2019",33.71222,-111.78917,"2019-09-30","2019-10-21",21,"Desert","Rural",4,0.19047619047619,0.128575533628464
"19","Tucson","AZ_Desert_Res2_dep1_2022","2022",32.21555,-110.88875,"2022-08-29","2022-11-08",71,"Desert","Suburban",14,0.197183098591549,0.796190738677979
"20","Tucson","AZ_Desert_Res5_dep1_2022","2022",32.224438,-110.880844,"2022-09-13","2022-10-27",44,"Desert","Suburban",29,0.659090909090909,0.791207194328308
"21","Tucson","AZ_Desert_SB3_dep1_2022","2022",32.260218,-110.822554,"2022-08-23","2022-11-08",77,"Desert","Suburban",5,0.0649350649350649,0.821624040603638
"22","Sonoran","AZ_Desert_Sonoran_22_DEER 09/01/2022_2022","2022",32.46622,-110.93786,"2022-09-01","2022-11-20",80,"Desert","Suburban",9,0.1125,0.798527956008911
"23","Sonoran","AZ_Desert_Sonoran_22_DOVE 10/24/2022_2022","2022",32.43822,-110.92892,"2022-10-24","2022-11-02",9,"Desert","Suburban",2,0.222222222222222,0.289786994457245
"24","Sonoran","AZ_Desert_Sonoran_22_MALLOW 08/18/2022_2022","2022",32.41753,-110.92402,"2022-08-18","2022-11-10",84,"Desert","Suburban",38,0.452380952380952,0.595495104789734
"25","Sonoran","AZ_Desert_Sonoran_22_Mallow_10-01_2022","2022",32.41753,-110.92402,"2022-09-14","2022-09-28",14,"Desert","Suburban",3,0.214285714285714,0.595495104789734
"26","Sonoran","AZ_Desert_Sonoran_22_OWL_09-04_2022","2022",32.44865,-110.94195,"2022-08-13","2022-09-04",22,"Desert","Suburban",2,0.0909090909090909,0.755228519439697
"27","Sonoran","AZ_Desert_Sonoran_22_SNIBBY 10/03/2022_2022","2022",32.43584,-110.91683,"2022-10-03","2022-11-09",37,"Desert","Suburban",2,0.0540540540540541,0.369163632392883
"28","Sonoran","AZ_Desert_Sonoran_22_THRASHER_2022","2022",32.44166,-110.94694,"2022-10-28","2022-12-02",35,"Desert","Suburban",2,0.0571428571428571,0.755228519439697
"29","Sonoran","AZ_Desert_Sonoran_23_DAVID_09-23-2023_2023","2023",32.44991,-110.92865,"2023-08-27","2023-09-23",27,"Desert","Suburban",2,0.0740740740740741,0.526770174503326
"30","Sonoran","AZ_Desert_Sonoran_23_DEER_11-11-2023_2023","2023",32.46622,-110.93786,"2023-09-16","2023-11-11",56,"Desert","Suburban",8,0.142857142857143,0.798527956008911
"31","Sonoran","AZ_Desert_Sonoran_23_DOVE_10-29-2023_2023","2023",32.43822,-110.92892,"2023-08-20","2023-10-29",70,"Desert","Suburban",11,0.157142857142857,0.289786994457245
"32","Tucson","AZ_Desert_Tucson_AC2_dep1_2022","2022",32.282793,-110.739291,"2022-09-07","2022-11-12",66,"Desert","Suburban",38,0.575757575757576,0.668532311916351
"33","Tucson","AZ_Desert_Tucson_AC3_depl1_2022","2022",32.266866,-110.750661,"2022-09-07","2022-11-12",66,"Desert","Suburban",5,0.0757575757575758,0.719182252883911
"34","Tucson","AZ_Desert_Tucson_AC4_dep1_2022","2022",32.256277,-110.762075,"2022-09-07","2022-10-31",54,"Desert","Suburban",5,0.0925925925925926,0.773406505584717
"35","Tucson","AZ_Desert_Tucson_Res3_dep1_2022","2022",32.277661,-110.866838,"2022-09-13","2022-11-23",71,"Desert","Suburban",116,1.63380281690141,0.775590419769287
"36","Harrity","AZ_Forest_1001_20220718_2022","2022",31.35955,-110.78466,"2022-08-06","2022-09-13",38,"Forest","Wild",2,0.0526315789473684,0.252568155527115
"37","SRER2","AZ_Forest_Rural_SRER2_2023_10_2023","2023",31.764158,-110.84574,"2023-09-16","2023-11-10",55,"Forest","Rural",5,0.0909090909090909,0.239188432693481
"38","SRER2","AZ_Forest_Rural_SRER2_2023_11_2023","2023",31.765504,-110.847265,"2023-09-16","2023-11-10",55,"Forest","Rural",4,0.0727272727272727,0.239188432693481
"39","SRER2","AZ_Forest_Rural_SRER2_2023_12_2023","2023",31.767271,-110.848459,"2023-09-16","2023-11-10",55,"Forest","Rural",4,0.0727272727272727,0.239188432693481
"40","SRER2","AZ_Forest_Rural_SRER2_2023_13_2023","2023",31.768643,-110.849972,"2023-09-16","2023-11-10",55,"Forest","Rural",4,0.0727272727272727,0.196056872606277
"41","SRER2","AZ_Forest_Rural_SRER2_2023_15_2023","2023",31.769799,-110.854341,"2023-09-16","2023-11-10",55,"Forest","Rural",5,0.0909090909090909,0.196056872606277
"42","SRER2","AZ_Forest_Rural_SRER2_2023_16_2023","2023",31.770299,-110.857662,"2023-10-04","2023-11-10",37,"Forest","Rural",2,0.0540540540540541,0.196056872606277
"43","SRER2","AZ_Forest_Rural_SRER2_2023_17_2023","2023",31.771313,-110.8595,"2023-09-16","2023-09-27",11,"Forest","Rural",1,0.0909090909090909,0.196056872606277
"44","SRER2","AZ_Forest_Rural_SRER2_2023_18_2023","2023",31.772663,-110.861052,"2023-09-16","2023-11-10",55,"Forest","Rural",5,0.0909090909090909,0.155066072940826
"45","SRER2","AZ_Forest_Rural_SRER2_2023_19_2023","2023",31.773711,-110.862938,"2023-09-16","2023-11-10",55,"Forest","Rural",5,0.0909090909090909,0.155066072940826
"46","NAU","AZ_Forest_Wild_NAU_Loc1 09/09/2023_2023","2023",34.91187,-111.82684,"2023-09-09","2023-11-19",71,"Forest","Wild",5,0.0704225352112676,0.477581262588501
"47","NAU","AZ_Forest_Wild_NAU_Loc2 09/09/2023_2023","2023",34.89551,-111.83062,"2023-09-09","2023-11-17",69,"Forest","Wild",6,0.0869565217391304,0.439777702093124
"48","NAU","AZ_Forest_Wild_NAU_Loc3_REAL 09/09/2023_2023","2023",34.918,-111.91191,"2023-09-09","2023-11-19",71,"Forest","Wild",4,0.0563380281690141,0.0197356939315796
"49","NAU","AZ_Forest_Wild_NAU_Loc4 09/09/2023_2023","2023",34.89273,-111.8326,"2023-09-09","2023-11-19",71,"Forest","Wild",4,0.0563380281690141,0.598023593425751
"50","NAU","AZ_Forest_Wild_NAU_Loc5 09/09/2023_2023","2023",34.88931,-111.87852,"2023-09-09","2023-11-19",71,"Forest","Wild",4,0.0563380281690141,0.286841154098511
"51","NAU","AZ_Forest_Wild_NAU_Loc6 09/09/2023_2023","2023",34.91585,-111.91498,"2023-09-09","2023-11-19",71,"Forest","Wild",5,0.0704225352112676,0.0197356939315796
"52","NAU","AZ_Forest_Wild_NAU_Loc7 09/09/2023_2023","2023",34.90802,-111.82527,"2023-09-09","2023-10-13",34,"Forest","Wild",8,0.235294117647059,0.477581262588501
"53","NAU","AZ_Forest_Wild_NAU_Loc8 09/09/2023_2023","2023",34.91466,-111.91675,"2023-09-09","2023-11-19",71,"Forest","Wild",4,0.0563380281690141,0.0197356939315796
"54","NAU","AZ_Forest_Wild_NAU_Loc9_09.30.23_2023","2023",34.90976,-111.82702,"2023-09-30","2023-11-19",50,"Forest","Wild",287,5.74,0.477581262588501
"55","Cienega","AZ_Grassland_Cienega_10_2019","2019",32.16065,-109.497,"2019-09-05","2019-11-19",75,"Grassland","Wild",8,0.106666666666667,0.144017040729523
"56","Cienega","AZ_Grassland_Cienega_16_2019","2019",32.171217,-109.515533,"2019-09-04","2019-11-20",77,"Grassland","Wild",8,0.103896103896104,0.148648977279663
"57","Cienega","AZ_Grassland_Cienega_17_2019","2019",32.180767,-109.517283,"2019-09-14","2019-11-22",69,"Grassland","Wild",7,0.101449275362319,0.190869808197021
"58","Cienega","AZ_Grassland_Cienega_1_2019","2019",32.16413,-109.471,"2019-09-05","2019-11-20",76,"Grassland","Wild",7,0.0921052631578947,0.3260537981987
"59","SRER1","AZ_Grassland_Rural_SRER1_2023_1_2023","2023",31.782896,-110.842315,"2023-09-16","2023-10-16",30,"Grassland","Rural",2,0.0666666666666667,0.214419394731522
"60","SRER1","AZ_Grassland_Rural_SRER1_2023_2_2023","2023",31.78421,-110.8409,"2023-09-16","2023-10-14",28,"Grassland","Rural",4,0.142857142857143,0.214419394731522
"61","SRER1","AZ_Grassland_Rural_SRER1_2023_3_2023","2023",31.785685,-110.83941,"2023-09-16","2023-10-30",44,"Grassland","Rural",3,0.0681818181818182,0.199584931135178
"62","SRER1","AZ_Grassland_Rural_SRER1_2023_4_2023","2023",31.786767,-110.838234,"2023-09-16","2023-10-03",17,"Grassland","Rural",2,0.117647058823529,0.199584931135178
"63","SRER1","AZ_Grassland_Rural_SRER1_2023_5_2023","2023",31.78866,-110.836336,"2023-09-16","2023-09-25",9,"Grassland","Rural",1,0.111111111111111,0.198542773723602
"64","SRER1","AZ_Grassland_Rural_SRER1_2023_8_2023","2023",31.793334,-110.831369,"2023-09-16","2023-11-10",55,"Grassland","Rural",6,0.109090909090909,0.198542773723602
"65","SRER1","AZ_Grassland_Rural_SRER1_2023_9_2023","2023",31.791851,-110.829281,"2023-09-16","2023-09-28",12,"Grassland","Rural",1,0.0833333333333333,0.285228222608566
"66","MTHansen","BAC.AROW_Rec007_Mem088.20190831_2019","2019",48.09068,-112.62233,"2019-08-31","2019-11-07",68,"Forest","Wild",6,0.0882352941176471,0.29441973567009
"67","MTHansen","BAC.AROW_Rec054_Mem014.20190831_2019","2019",48.08351,-112.62646,"2019-08-31","2019-11-07",68,"Forest","Wild",4,0.0588235294117647,0.29441973567009
"68","MTHansen","BAC.AROW_Rec055_Mem045.20190901_2019","2019",48.0527,-112.70563,"2019-09-01","2019-11-05",65,"Forest","Wild",10,0.153846153846154,0.238579958677292
"69","Blackfoot","BAC.BLCH_Rec016_Mem078.20190819_2019","2019",47.06378,-113.08588,"2019-08-19","2019-10-24",66,"Forest","Wild",5,0.0757575757575758,0.168635994195938
"70","Blackfoot","BAC.BLCH_Rec037_Mem041.20190819_2019","2019",47.05159,-113.09887,"2019-08-19","2019-10-24",66,"Forest","Wild",4,0.0606060606060606,0.181737303733826
"71","MTHansen","BAC.HMSA_Rec009_Mem102.20190830_2019","2019",48.10101,-112.66422,"2019-08-30","2019-11-07",69,"Forest","Wild",9,0.130434782608696,0.437692105770111
"72","MTHansen","BAC.HMSA_Rec062_Mem051.20190831_2019","2019",48.12922,-112.66247,"2019-08-31","2019-09-18",18,"Forest","Wild",1,0.0555555555555556,0.412792861461639
"73","MTUrbanWild","BAC.MSLA_Bro001_Mem117.20190729_2019","2019",46.86254,-113.97896,"2019-08-17","2019-10-07",51,"Forest","Suburban",5,0.0980392156862745,0.822088599205017
"74","MTUrbanWild","BAC.MSLA_Bro002_Mem186.20191012_2019","2019",46.82091,-114.03002,"2019-10-12","2019-11-19",38,"Forest","Suburban",3,0.0789473684210526,0.769500434398651
"75","MTUrbanWild","BAC.MSLA_Bro024_Mem174.20191012_2019","2019",46.83493,-114.0057,"2019-10-12","2019-11-19",38,"Forest","Suburban",206,5.42105263157895,0.849483966827393
"76","MTUrbanWild","BAC.MSLA_Bro026_Mem139.20191012_2019","2019",46.81736,-114.06136,"2019-10-12","2019-11-19",38,"Forest","Suburban",165,4.3421052631579,0.723715007305145
"77","MTUrbanWild","BAC.MSLA_Bro039_Mem189.20190718_2019","2019",46.87191,-114.06057,"2019-08-17","2019-10-06",50,"Forest","Suburban",7,0.14,0.862491488456726
"78","MTUrbanWild","BAC.MSLA_Bro046_Mem150.20190820_2019","2019",46.84881,-113.97624,"2019-08-20","2019-11-20",92,"Forest","Suburban",8,0.0869565217391304,0.68798440694809
"79","MTUrbanWild","BAC.MSLA_Bro052_Mem147.20190910_2019","2019",46.88117,-113.97487,"2019-09-10","2019-11-14",65,"Forest","Suburban",5,0.0769230769230769,0.795624375343323
"80","MTUrbanWild","BAC.MSLA_Bro055_Mem187.20190818_2019","2019",46.86875,-113.99052,"2019-08-18","2019-10-12",55,"Forest","Suburban",677,12.3090909090909,0.855204820632935
"81","MTUrbanWild","BAC.MSLA_Bro067_Mem159.20191006_2019","2019",46.86777,-114.05781,"2019-10-06","2019-11-17",42,"Forest","Suburban",2,0.0476190476190476,0.862491488456726
"82","MTHansen","BAC.TRMR_Bro033_Mem172.20190830_2019","2019",48.09004,-112.65432,"2019-08-30","2019-11-06",68,"Forest","Wild",4,0.0588235294117647,0.205499947071075
"83","MTHansen","BAC.TRMR_Bro040_Mem217.20190830_2019","2019",48.07983,-112.72232,"2019-08-30","2019-11-06",68,"Forest","Wild",4,0.0588235294117647,0.258219361305237
"84","MTHansen","BAC.TRMR_Bro043_Mem148.20190830_2019","2019",48.12199,-112.67567,"2019-08-30","2019-11-06",68,"Forest","Wild",4,0.0588235294117647,0.225940942764282
"85","MTHansen","BAC.TRMR_Rec001_Mem037.20200831_2020","2020",48.09999,-112.68845,"2020-08-31","2020-09-06",6,"Forest","Wild",1,0.166666666666667,0.343516975641251
"86","MTHansen","BAC.TRMR_Rec001_Mem174.20210530_2021","2021",48.09999,-112.68845,"2021-08-23","2021-10-23",61,"Forest","Wild",3,0.0491803278688525,0.343516975641251
"87","MTHansen","BAC.TRMR_Rec002_Mem049.20200901_2020","2020",48.08463,-112.65726,"2020-09-01","2020-11-01",61,"Forest","Wild",3,0.0491803278688525,0.205499947071075
"88","MTHansen","BAC.TRMR_Rec010_Mem073.20200831_2020","2020",48.10738,-112.69267,"2020-08-31","2020-11-01",62,"Forest","Wild",3,0.0483870967741935,0.318545997142792
"89","MTHansen","BAC.TRMR_Rec017_Mem098.20200831_2020","2020",48.11575,-112.6833,"2020-08-31","2020-11-01",62,"Forest","Wild",9,0.145161290322581,0.274800449609756
"90","MTHansen","BAC.TRMR_Rec018_Mem030.20200831_2020","2020",48.09874,-112.71037,"2020-08-31","2020-10-31",61,"Forest","Wild",3,0.0491803278688525,0.209473788738251
"91","MTHansen","BAC.TRMR_Rec027_Mem110.20200831_2020","2020",48.1081,-112.70698,"2020-08-31","2020-11-01",62,"Forest","Wild",3,0.0483870967741935,0.282392680644989
"92","MTHansen","BAC.TRMR_Rec037_Mem087.20200901_2020","2020",48.08261,-112.63763,"2020-09-01","2020-11-01",61,"Forest","Wild",6,0.0983606557377049,0.207467675209045
"93","MTHansen","BAC.TRMR_Rec039_Mem094.20200831_2020","2020",48.08772,-112.73944,"2020-08-31","2020-10-31",61,"Forest","Wild",4,0.0655737704918033,0.24023699760437
"94","MTHansen","BAC.TRMR_Rec040_Mem151.20210529_2021","2021",48.12469,-112.66968,"2021-08-23","2021-10-24",62,"Forest","Wild",3,0.0483870967741935,0.412792861461639
"95","MTHansen","BAC.TRMR_Rec042_Mem088.20200901_2020","2020",48.07277,-112.63412,"2020-09-01","2020-11-01",61,"Forest","Wild",4,0.0655737704918033,0.34517377614975
"96","MTHansen","BAC.TRMR_Rec046_Mem107.20200901_2020","2020",48.08761,-112.67028,"2020-09-01","2020-11-01",61,"Forest","Wild",3,0.0491803278688525,0.289522469043732
"97","MTHansen","BAC.TRMR_Rec048_Mem093.20200831_2020","2020",48.12314,-112.69136,"2020-08-31","2020-11-01",62,"Forest","Wild",3,0.0483870967741935,0.334824681282043
"98","MTHansen","BAC.TRMR_Rec052_Mem038.20200901_2020","2020",48.08859,-112.677,"2020-09-01","2020-11-01",61,"Forest","Wild",3,0.0491803278688525,0.289522469043732
"99","MTHansen","BAC.TRMR_Rec060_Mem083.20200901_2020","2020",48.1164,-112.66098,"2020-09-01","2020-11-01",61,"Forest","Wild",5,0.0819672131147541,0.438431292772293
"100","Baggs","Baggs_Wild_Grasslands_21_dep_01_2021","2021",41.25946,-107.64845,"2021-09-04","2021-10-30",56,"Grassland","Wild",3,0.0535714285714286,0.266732454299927
"101","Baggs","Baggs_Wild_Grasslands_21_dep_01_USE_2021","2021",41.28419,-107.66229,"2021-09-04","2021-10-09",35,"Grassland","Wild",2,0.0571428571428571,0.247104942798615
"102","Baggs","Baggs_Wild_Grasslands_21_dep_02_USE_2021","2021",41.28229,-107.66082,"2021-09-04","2021-10-31",57,"Grassland","Wild",4,0.0701754385964912,0.247104942798615
"103","Baggs","Baggs_Wild_Grasslands_21_dep_03_USE_2021","2021",41.28034,-107.65901,"2021-09-04","2021-10-31",57,"Grassland","Wild",4,0.0701754385964912,0.247104942798615
"104","Baggs","Baggs_Wild_Grasslands_21_dep_05_USE_2021","2021",41.27278,-107.65516,"2021-09-04","2021-10-31",57,"Grassland","Wild",4,0.0701754385964912,0.194461196660995
"105","Baggs","Baggs_Wild_Grasslands_21_dep_06_USE_2021","2021",41.27078,-107.65013,"2021-09-04","2021-10-31",57,"Grassland","Wild",4,0.0701754385964912,0.175538390874863
"106","Baggs","Baggs_Wild_Grasslands_21_dep_08_2021","2021",41.26388,-107.64718,"2021-09-04","2021-10-31",57,"Grassland","Wild",22,0.385964912280702,0.266732454299927
"107","Baggs","Baggs_Wild_Grasslands_21_dep_10_2021","2021",41.25634,-107.64667,"2021-09-04","2021-10-09",35,"Grassland","Wild",2,0.0571428571428571,0.266732454299927
"108","Galena","ID_Forest_Galena_1_2019","2019",43.85301,-114.61059,"2019-09-15","2019-10-19",34,"Forest","Wild",2,0.0588235294117647,0.0240920186042786
"109","Galena","ID_Forest_Galena_4_2019","2019",43.82284,-114.6235,"2019-09-15","2019-10-24",39,"Forest","Wild",5,0.128205128205128,0.488164275884628
"110","Galena","ID_Forest_Galena_5_2019","2019",43.83664,-114.63902,"2019-09-15","2019-10-19",34,"Forest","Wild",2,0.0588235294117647,0.0910662412643433
"111","Galena","ID_Forest_Galena_6_2019","2019",43.88966,-114.68813,"2019-09-01","2019-10-16",45,"Forest","Wild",3,0.0666666666666667,0.37889239192009
"112","Hailey","ID_Forest_Hailey_1_2019","2019",43.53206,-114.5214,"2019-09-01","2019-10-24",53,"Forest","Wild",13,0.245283018867925,0.115269333124161
"113","Hailey","ID_Forest_Hailey_2_2019","2019",43.55942,-114.49716,"2019-09-01","2019-10-24",53,"Forest","Wild",3,0.0566037735849057,0.0937737226486206
"114","Hailey","ID_Forest_Hailey_4_2019","2019",43.62649,-114.4029,"2019-09-01","2019-10-17",46,"Forest","Wild",18,0.391304347826087,0.0511338710784912
"115","Hailey","ID_Forest_Hailey_5_2019","2019",43.61499,-114.4136,"2019-09-01","2019-10-17",46,"Forest","Wild",16,0.347826086956522,0.113495022058487
"116","Hailey","ID_Forest_Hailey_6_2019","2019",43.55825,-114.51784,"2019-09-01","2019-09-27",26,"Forest","Wild",2,0.0769230769230769,0.0632885992527008
"117","Hailey","ID_Forest_Hailey_7_2019","2019",43.54676,-114.48647,"2019-09-01","2019-10-23",52,"Forest","Wild",4,0.0769230769230769,0.164851397275925
"118","Hailey","ID_Forest_Hailey_8_2019","2019",43.54587,-114.4413,"2019-09-01","2019-10-24",53,"Forest","Wild",6,0.113207547169811,0.203305065631866
"119","Hailey","ID_Forest_Hailey_9_2019","2019",43.58169,-114.4318,"2019-09-01","2019-10-17",46,"Forest","Wild",4,0.0869565217391304,0.0620414912700653
"120","Rachlow","ID_Forest_Rachlow_UIEF_22_04_01_2022","2022",46.802438,-116.819905,"2022-09-04","2022-10-30",56,"Forest","Wild",4,0.0714285714285714,0.256466448307037
"121","Rachlow","ID_Forest_Rachlow_UIEF_22_07_01_2022","2022",46.802499,-116.82473,"2022-09-04","2022-10-30",56,"Forest","Wild",4,0.0714285714285714,0.256466448307037
"122","Rachlow","ID_Forest_Rachlow_UIEF_22_09_01_2022","2022",46.80194,-116.827928,"2022-09-04","2022-10-30",56,"Forest","Wild",3,0.0535714285714286,0.19725114107132
"123","Rachlow","ID_Forest_Rachlow_UIEF_22_11_01_2022","2022",46.799473,-116.810692,"2022-09-04","2022-10-30",56,"Forest","Wild",4,0.0714285714285714,0.188941180706024
"124","Rachlow","ID_Forest_Rachlow_UIEF_22_15_01_2022","2022",46.794849,-116.807267,"2022-09-04","2022-10-30",56,"Forest","Wild",3,0.0535714285714286,0.217183768749237
"125","Rachlow","ID_Forest_Rachlow_UIEF_22_17_01_2022","2022",46.798678,-116.814242,"2022-09-04","2022-10-30",56,"Forest","Wild",3,0.0535714285714286,0.188941180706024
"126","Rachlow","ID_Forest_Rachlow_UIEF_22_33_01_2022","2022",46.797719,-116.807379,"2022-09-04","2022-09-09",5,"Forest","Wild",1,0.2,0.188941180706024
"127","Rachlow","ID_Forest_Rachlow_UIEF_22_39_01_2022","2022",46.800732,-116.810221,"2022-09-04","2022-10-30",56,"Forest","Wild",5,0.0892857142857143,0.188941180706024
"128","Rachlow","ID_Forest_Rachlow_UIEF_22_55_01_2022","2022",46.797809,-116.809912,"2022-09-04","2022-10-30",56,"Forest","Wild",3,0.0535714285714286,0.188941180706024
"129","Rachlow","ID_Forest_Rural_Rachlow_23_13_2023","2023",46.798135,-116.810909,"2023-08-28","2023-10-23",56,"Forest","Wild",3,0.0535714285714286,0.188941180706024
"130","Rachlow","ID_Forest_Rural_Rachlow_23_15_2023","2023",46.786126,-116.793778,"2023-08-29","2023-10-24",56,"Forest","Wild",3,0.0535714285714286,0.190719217061996
"131","Rachlow","ID_Forest_Rural_Rachlow_23_16_2023","2023",46.78168,-116.794878,"2023-08-29","2023-10-24",56,"Forest","Wild",4,0.0714285714285714,0.279057681560516
"132","Rachlow","ID_Forest_Rural_Rachlow_23_18_2023","2023",46.802151,-116.811939,"2023-08-28","2023-10-23",56,"Forest","Wild",7,0.125,0.188941180706024
"133","Rachlow","ID_Forest_Rural_Rachlow_23_19_2023","2023",46.79926,-116.812648,"2023-08-28","2023-10-23",56,"Forest","Wild",18,0.321428571428571,0.188941180706024
"134","Rachlow","ID_Forest_Rural_Rachlow_23_2_2023","2023",46.781055,-116.792325,"2023-08-29","2023-10-24",56,"Forest","Wild",4,0.0714285714285714,0.279057681560516
"135","Rachlow","ID_Forest_Rural_Rachlow_23_35_2023","2023",46.801324,-116.81803,"2023-08-28","2023-09-15",18,"Forest","Wild",1,0.0555555555555556,0.256466448307037
"136","Rachlow","ID_Forest_Rural_Rachlow_23_36_2023","2023",46.801769,-116.815812,"2023-08-28","2023-10-23",56,"Forest","Wild",5,0.0892857142857143,0.256466448307037
"137","Rachlow","ID_Forest_Rural_Rachlow_23_3_2023","2023",46.781689,-116.794878,"2023-08-28","2023-10-23",56,"Forest","Wild",3,0.0535714285714286,0.279057681560516
"138","Rachlow","ID_Forest_Rural_Rachlow_23_43_2023","2023",46.80149,-116.81345,"2023-08-28","2023-10-23",56,"Forest","Wild",4,0.0714285714285714,0.188941180706024
"139","Rachlow","ID_Forest_Rural_Rachlow_23_44_2023","2023",46.797673,-116.813708,"2023-08-28","2023-09-04",7,"Forest","Wild",1,0.142857142857143,0.188941180706024
"140","Rachlow","ID_Forest_Rural_Rachlow_23_45_2023","2023",46.786531,-116.793764,"2023-08-29","2023-10-24",56,"Forest","Wild",3,0.0535714285714286,0.190719217061996
"141","Rachlow","ID_Forest_Rural_Rachlow_23_46_2023","2023",46.800034,-116.81192,"2023-08-28","2023-10-23",56,"Forest","Wild",4,0.0714285714285714,0.188941180706024
"142","Rachlow","ID_Forest_Rural_Rachlow_23_54_2023","2023",46.799727,-116.816551,"2023-08-28","2023-10-22",55,"Forest","Wild",3,0.0545454545454545,0.256466448307037
"143","Rachlow","ID_Forest_Rural_Rachlow_23_55_2023","2023",46.798331,-116.813699,"2023-08-28","2023-10-23",56,"Forest","Wild",5,0.0892857142857143,0.188941180706024
"144","Rachlow","ID_Forest_Rural_Rachlow_23_5_2023","2023",46.785391,-116.793889,"2023-08-29","2023-10-30",62,"Forest","Wild",7,0.112903225806452,0.190719217061996
"145","SunValley","ID_Forest_Sun_Valley_10_2019","2019",43.7002,-114.27441,"2019-09-01","2019-10-17",46,"Forest","Wild",18,0.391304347826087,0.0949812233448029
"146","SunValley","ID_Forest_Sun_Valley_11_2019","2019",43.60068,-114.2006,"2019-09-01","2019-10-22",51,"Forest","Wild",3,0.0588235294117647,0.308203488588333
"147","SunValley","ID_Forest_Sun_Valley_1_2019","2019",43.76833,-114.25939,"2019-09-01","2019-10-18",47,"Forest","Wild",4,0.0851063829787234,0.000212490558624268
"148","SunValley","ID_Forest_Sun_Valley_4_2019","2019",43.73635,-114.22157,"2019-09-03","2019-10-25",52,"Forest","Wild",9,0.173076923076923,2.78763059739315e-23
"149","SunValley","ID_Forest_Sun_Valley_5_2019","2019",43.71683,-114.25973,"2019-09-01","2019-10-17",46,"Forest","Wild",4,0.0869565217391304,0.0698919296264648
"150","SunValley","ID_Forest_Sun_Valley_6_2019","2019",43.69706,-114.20373,"2019-09-01","2019-10-20",49,"Forest","Wild",3,0.0612244897959184,0.0762150585651398
"151","Hebblewhite","MT_Forest_Hebblewhite_22_03_JM1_01_2022","2022",46.9133,-113.4835,"2022-09-17","2022-11-03",47,"Forest","Wild",22,0.468085106382979,0.134681642055511
"152","Hebblewhite","MT_Forest_Hebblewhite_22_03_JM1_02_2022","2022",46.9133,-113.4835,"2022-11-03","2022-12-19",46,"Forest","Wild",5,0.108695652173913,0.134681642055511
"153","Hebblewhite","MT_Forest_Hebblewhite_22_04_JM3_01_2022","2022",46.91648,-113.50247,"2022-09-17","2022-11-03",47,"Forest","Wild",4,0.0851063829787234,0.193339169025421
"154","Hebblewhite","MT_Forest_Hebblewhite_22_04_JM3_02_2022","2022",46.91648,-113.50247,"2022-11-03","2022-12-19",46,"Forest","Wild",5,0.108695652173913,0.193339169025421
"155","Hebblewhite","MT_Forest_Hebblewhite_22_05_JM11_01_2022","2022",46.90454,-113.52431,"2022-09-17","2022-11-01",45,"Forest","Wild",3,0.0666666666666667,0.0445908606052399
"156","Hebblewhite","MT_Forest_Hebblewhite_22_05_JM11_02_2022","2022",46.90454,-113.52431,"2022-11-01","2022-12-19",48,"Forest","Wild",3,0.0625,0.0445908606052399
"157","Hebblewhite","MT_Forest_Hebblewhite_22_07_LC_WT_2022","2022",46.89031,-113.42634,"2022-09-23","2022-11-03",41,"Forest","Wild",6,0.146341463414634,0.128263056278229
"158","Hebblewhite","MT_Forest_Hebblewhite_22_09_JM6_01_2022","2022",46.89385,-113.36948,"2022-09-24","2022-11-01",38,"Forest","Wild",4,0.105263157894737,0.134991198778152
"159","Hebblewhite","MT_Forest_Hebblewhite_22_10_JM4_01_2022","2022",46.8988,-113.4868,"2022-09-17","2022-11-03",47,"Forest","Wild",4,0.0851063829787234,0.310374349355698
"160","Hebblewhite","MT_Forest_Hebblewhite_22_10_R7_01_2022","2022",46.8910243,-113.3545535,"2022-09-24","2022-11-01",38,"Forest","Wild",4,0.105263157894737,0.119735896587372
"161","Hebblewhite","MT_Forest_Hebblewhite_22_12b_LC_HR_2022","2022",46.89683,-113.44724,"2022-09-23","2022-11-03",41,"Forest","Wild",20,0.48780487804878,0.307477176189423
"162","Hebblewhite","MT_Forest_Hebblewhite_22_13_R5_02_2022","2022",46.875947,-113.448812,"2022-11-01","2022-12-16",45,"Forest","Wild",4,0.0888888888888889,0.170813500881195
"163","Hebblewhite","MT_Forest_Hebblewhite_22_14_H5_01_2022","2022",46.87784,-113.33873,"2022-09-24","2022-11-01",38,"Forest","Wild",13,0.342105263157895,0.172649830579758
"164","Hebblewhite","MT_Forest_Hebblewhite_22_14_H5_02_2022","2022",46.87784,-113.33873,"2022-11-01","2022-12-02",31,"Forest","Wild",4,0.129032258064516,0.172649830579758
"165","Hebblewhite","MT_Forest_Hebblewhite_22_14b_H3_01_2022","2022",46.881584,-113.460763,"2022-09-20","2022-10-19",29,"Forest","Wild",2,0.0689655172413793,0.33494645357132
"166","Hebblewhite","MT_Forest_Hebblewhite_22_14b_H3_02_2022","2022",46.881584,-113.460763,"2022-10-19","2022-12-05",47,"Forest","Wild",3,0.0638297872340425,0.33494645357132
"167","Hebblewhite","MT_Forest_Hebblewhite_22_15_JM7_01_2022","2022",46.88281,-113.35028,"2022-09-24","2022-11-01",38,"Forest","Wild",4,0.105263157894737,0.230558186769485
"168","Hebblewhite","MT_Forest_Hebblewhite_22_15_JM7_02_2022","2022",46.88281,-113.35028,"2022-11-01","2022-12-20",49,"Forest","Wild",4,0.0816326530612245,0.230558186769485
"169","Hebblewhite","MT_Forest_Hebblewhite_22_16_JM10_01_2022","2022",46.88607,-113.50277,"2022-09-17","2022-11-03",47,"Forest","Wild",5,0.106382978723404,0.317830085754395
"170","Hebblewhite","MT_Forest_Hebblewhite_22_16_JM10_02_2022","2022",46.88607,-113.50277,"2022-11-03","2022-12-05",32,"Forest","Wild",10,0.3125,0.317830085754395
"171","Hebblewhite","MT_Forest_Hebblewhite_22_19_JM5_01_2022","2022",46.864557,-113.424779,"2022-10-05","2022-10-19",14,"Forest","Wild",2,0.142857142857143,0.122089982032776
"172","Hebblewhite","MT_Forest_Hebblewhite_22_20_R8_01_2022","2022",46.86389,-113.3986,"2022-09-20","2022-11-01",42,"Forest","Wild",2,0.0476190476190476,0.162736386060715
"173","Hebblewhite","MT_Forest_Hebblewhite_22_20_R8_02_2022","2022",46.86389,-113.3986,"2022-11-01","2022-12-19",48,"Forest","Wild",4,0.0833333333333333,0.162736386060715
"174","Hebblewhite","MT_Forest_Hebblewhite_22_21_R3_01_2022","2022",46.872083,-113.367406,"2022-09-20","2022-11-01",42,"Forest","Wild",3,0.0714285714285714,0.200400471687317
"175","Hebblewhite","MT_Forest_Hebblewhite_22_21_R3_02_2022","2022",46.872083,-113.367406,"2022-11-01","2022-12-20",49,"Forest","Wild",3,0.0612244897959184,0.200400471687317
"176","Hebblewhite","MT_Forest_Hebblewhite_22_22_R4_01_2022","2022",46.863086,-113.354494,"2022-09-20","2022-11-01",42,"Forest","Wild",3,0.0714285714285714,0.175954073667526
"177","Hebblewhite","MT_Forest_Hebblewhite_22_22_R4_02_2022","2022",46.863086,-113.354494,"2022-11-01","2022-12-20",49,"Forest","Wild",3,0.0612244897959184,0.175954073667526
"178","Hebblewhite","MT_Forest_Hebblewhite_22_22b_R6_01_2022","2022",46.87083,-113.485,"2022-09-20","2022-11-01",42,"Forest","Wild",3,0.0714285714285714,0.455939531326294
"179","Hebblewhite","MT_Forest_Hebblewhite_22_23_R1_01_2022","2022",46.8616,-113.33285,"2022-09-20","2022-11-01",42,"Forest","Wild",3,0.0714285714285714,0.231607407331467
"180","Hebblewhite","MT_Forest_Hebblewhite_22_23b_R2_01_2022","2022",46.874637,-113.455944,"2022-09-20","2022-11-01",42,"Forest","Wild",2,0.0476190476190476,0.33494645357132
"181","Hebblewhite","MT_Forest_Hebblewhite_22_23b_R2_02_2022","2022",46.874637,-113.455944,"2022-11-01","2022-12-16",45,"Forest","Wild",3,0.0666666666666667,0.33494645357132
"182","Hebblewhite","MT_Forest_Hebblewhite_22_24_JM8_01_2022","2022",46.8649,-113.4344,"2022-09-21","2022-10-19",28,"Forest","Wild",2,0.0714285714285714,0.181517750024796
"183","Hebblewhite","MT_Forest_Hebblewhite_22_24_JM8_02_2022","2022",46.8649,-113.4344,"2022-10-19","2022-12-16",58,"Forest","Wild",4,0.0689655172413793,0.181517750024796
"184","Hebblewhite","MT_Forest_Hebblewhite_22_27_H2_01_2022","2022",46.933151,-113.488823,"2022-09-06","2022-10-19",43,"Forest","Wild",44,1.02325581395349,0.118037492036819
"185","Hebblewhite","MT_Forest_Hebblewhite_22_27_H2_02_2022","2022",46.933151,-113.488823,"2022-10-19","2022-12-19",61,"Forest","Wild",33,0.540983606557377,0.118037492036819
"186","Hebblewhite","MT_Forest_Hebblewhite_22_27b_H1_01_2022","2022",46.935646,-113.474188,"2022-09-06","2022-10-19",43,"Forest","Wild",4,0.0930232558139535,0.342113763093948
"187","Hebblewhite","MT_Forest_Hebblewhite_22_28_H5_01_2022","2022",46.9439695,-113.5056292,"2022-09-06","2022-10-19",43,"Forest","Wild",3,0.0697674418604651,0.153431981801987
"188","Hebblewhite","MT_Forest_Hebblewhite_22_29_JM2_01_2022","2022",46.854592,-113.395714,"2022-09-20","2022-11-01",42,"Forest","Wild",5,0.119047619047619,0.162736386060715
"189","Hebblewhite","MT_Forest_Hebblewhite_22_29_JM2_02_2022","2022",46.854592,-113.395714,"2022-11-01","2022-12-16",45,"Forest","Wild",7,0.155555555555556,0.162736386060715
"190","Hebblewhite","MT_Forest_Hebblewhite_22_31_JM15_01_2022","2022",46.92632,-113.54206,"2022-09-17","2022-11-01",45,"Forest","Wild",8,0.177777777777778,0.133611410856247
"191","Hebblewhite","MT_Forest_Hebblewhite_22_31_JM15_02_2022","2022",46.92632,-113.54206,"2022-11-01","2022-12-19",48,"Forest","Wild",4,0.0833333333333333,0.133611410856247
"192","Hebblewhite","MT_Forest_Hebblewhite_22_32_JM13_02_2022","2022",46.9228,-113.5326,"2022-11-01","2022-12-19",48,"Forest","Wild",5,0.104166666666667,0.163050353527069
"193","Hebblewhite","MT_Forest_Hebblewhite_22_32_JM13_2022","2022",46.9228,-113.5326,"2022-09-17","2022-11-01",45,"Forest","Wild",10,0.222222222222222,0.163050353527069
"194","Hebblewhite","MT_Forest_Hebblewhite_22_33_JM9_01_2022","2022",46.9193,-113.5035,"2022-09-18","2022-11-03",46,"Forest","Wild",11,0.239130434782609,0.193339169025421
"195","Hebblewhite","MT_Forest_Hebblewhite_22_33_JM9_02_2022","2022",46.9193,-113.5035,"2022-11-03","2022-12-19",46,"Forest","Wild",7,0.152173913043478,0.193339169025421
"196","RiverTrail","MT_Forest_RiverTrail_21_dep_02_2021","2021",48.408145,-114.459362,"2021-09-01","2021-11-03",63,"Forest","Rural",13,0.206349206349206,0.469786435365677
"197","RiverTrail","MT_Forest_RiverTrail_21_dep_04_2021","2021",48.409452,-114.464178,"2021-09-01","2021-11-03",63,"Forest","Rural",6,0.0952380952380952,0.383978426456451
"198","RiverTrail","MT_Forest_RiverTrail_21_dep_08_2021","2021",48.4106075,-114.4606311,"2021-08-29","2021-11-03",66,"Forest","Rural",17,0.257575757575758,0.469786435365677
"199","RiverTrail","MT_Forest_RiverTrail_21_dep_09_2021","2021",48.410674,-114.456998,"2021-08-29","2021-10-12",44,"Forest","Rural",4,0.0909090909090909,0.469786435365677
"200","RiverTrail","MT_Forest_RiverTrail_22_Cam01_2022","2022",48.408711,-114.456115,"2022-08-29","2022-09-21",23,"Forest","Rural",2,0.0869565217391304,0.469786435365677
"201","RiverTrail","MT_Forest_RiverTrail_22_Cam02_2022","2022",48.408173,-114.459364,"2022-10-12","2022-11-05",24,"Forest","Rural",21,0.875,0.469786435365677
"202","RiverTrail","MT_Forest_RiverTrail_22_Cam03_2022","2022",48.408155,-114.459444,"2022-09-18","2022-10-11",23,"Forest","Rural",2,0.0869565217391304,0.469786435365677
"203","RiverTrail","MT_Forest_RiverTrail_22_Cam04_2022","2022",48.409434,-114.464129,"2022-09-19","2022-11-05",47,"Forest","Rural",12,0.25531914893617,0.383978426456451
"204","RiverTrail","MT_Forest_RiverTrail_22_Cam05_2022","2022",48.408513,-114.461817,"2022-09-19","2022-11-05",47,"Forest","Rural",4,0.0851063829787234,0.383978426456451
"205","RiverTrail","MT_Forest_RiverTrail_22_Cam06_2022","2022",48.407393,-114.466153,"2022-09-12","2022-11-05",54,"Forest","Rural",6,0.111111111111111,0.318099021911621
"206","RiverTrail","MT_Forest_RiverTrail_22_Cam08_2022","2022",48.410575,-114.466033,"2022-09-01","2022-11-05",65,"Forest","Rural",5,0.0769230769230769,0.383978426456451
"207","RiverTrail","MT_Forest_RiverTrail_22_Cam09_2022","2022",48.41065,-114.460645,"2022-09-18","2022-10-13",25,"Forest","Rural",7,0.28,0.383978426456451
"208","RiverTrail","MT_Forest_RiverTrail_22_Cam10_2022","2022",48.410694,-114.460583,"2022-10-14","2022-10-27",13,"Forest","Rural",16,1.23076923076923,0.469786435365677
"209","RiverTrail","MT_Forest_RiverTrail_Cam01_2023","2023",48.408711,-114.456115,"2023-08-26","2023-11-14",80,"Forest","Rural",4,0.05,0.469786435365677
"210","RiverTrail","MT_Forest_RiverTrail_Cam02_2023","2023",48.408173,-114.459364,"2023-08-26","2023-10-24",59,"Forest","Rural",39,0.661016949152542,0.469786435365677
"211","RiverTrail","MT_Forest_RiverTrail_Cam04_2023","2023",48.409434,-114.464129,"2023-08-29","2023-11-18",81,"Forest","Rural",7,0.0864197530864197,0.383978426456451
"212","RiverTrail","MT_Forest_RiverTrail_Cam08_2023","2023",48.410575,-114.466033,"2023-08-31","2023-09-09",9,"Forest","Rural",1,0.111111111111111,0.383978426456451
"213","RiverTrail","MT_Forest_RiverTrail_Cam09_2023","2023",48.41065,-114.460645,"2023-08-26","2023-11-18",84,"Forest","Rural",117,1.39285714285714,0.383978426456451
"214","RiverTrail","MT_Forest_River_Trail_20_01B_2020","2020",48.4107,-114.4659,"2020-10-12","2020-11-03",22,"Forest","Rural",2,0.0909090909090909,0.383978426456451
"215","RiverTrail","MT_Forest_River_Trail_20_04_2020","2020",48.40807,-114.45962,"2020-10-14","2020-11-03",20,"Forest","Rural",2,0.1,0.469786435365677
"216","RiverTrail","MT_Forest_River_Trail_20_06_2020","2020",48.40695,-114.4659,"2020-09-01","2020-10-11",40,"Forest","Rural",2,0.05,0.318099021911621
"217","RiverTrail","MT_Forest_River_Trail_20_07_2020","2020",48.40707,-114.46538,"2020-10-11","2020-11-03",23,"Forest","Rural",2,0.0869565217391304,0.318099021911621
"218","RiverTrail","MT_Forest_River_Trail_20_10_2020","2020",48.40871,-114.4562,"2020-09-29","2020-11-03",35,"Forest","Rural",2,0.0571428571428571,0.469786435365677
"219","MTHansen","MT_Forest_Wild_MTHansen_23.BAC.TRMR_Rec006_Mem045.20230724_2023","2023",48.08917,-112.64357,"2023-09-01","2023-11-11",71,"Forest","Wild",5,0.0704225352112676,0.105905622243881
"220","MTHansen","MT_Forest_Wild_MTHansen_23.BAC.TRMR_Rec042_Mem009.20230724_2023","2023",48.07277,-112.63412,"2023-09-01","2023-11-11",71,"Forest","Wild",5,0.0704225352112676,0.34517377614975
"221","BandyRanch","MT_Grassland_BandyRanch_WBIO 1_2023","2023",47.1088,-113.23492,"2023-09-20","2023-11-10",51,"Grassland","Rural",4,0.0784313725490196,0.172151029109955
"222","BandyRanch","MT_Grassland_BandyRanch_WBIO 2_2023","2023",47.07689,-113.2606,"2023-09-12","2023-10-31",49,"Grassland","Rural",4,0.0816326530612245,0.226842790842056
"223","BandyRanch","MT_Grassland_BandyRanch_WBIO 4_2023","2023",47.10255,-113.21043,"2023-09-19","2023-11-10",52,"Grassland","Rural",4,0.0769230769230769,0.141034543514252
"224","BandyRanch","MT_Grassland_BandyRanch_WBIO 6_2023","2023",47.06686,-113.2701,"2023-09-12","2023-10-31",49,"Grassland","Rural",3,0.0612244897959184,0.253322064876556
"225","BandyRanch","MT_Grassland_BandyRanch_WBIO 8_2023","2023",47.06333,-113.2634,"2023-09-12","2023-10-31",49,"Grassland","Rural",14,0.285714285714286,0.294844090938568
"226","BandyRanch","MT_Grassland_BandyRanch_WILD 026_2023","2023",47.08256,-113.2413,"2023-09-12","2023-10-31",49,"Grassland","Rural",4,0.0816326530612245,0.232846289873123
"227","BandyRanch","MT_Grassland_BandyRanch_WILD 10_2023","2023",47.06825,-113.247,"2023-09-12","2023-10-31",49,"Grassland","Rural",6,0.122448979591837,0.23574960231781
"228","BandyRanch","MT_Grassland_BandyRanch_WILD 25_2023","2023",47.06648,-113.2368,"2023-09-12","2023-10-31",49,"Grassland","Rural",3,0.0612244897959184,0.177784383296967
"229","BandyRanch","MT_Grassland_BandyRanch_WILD 5_2023","2023",47.071672,-113.2364,"2023-09-05","2023-10-31",56,"Grassland","Rural",5,0.0892857142857143,0.177784383296967
"230","BandyRanch","MT_Grassland_BandyRanch_WILD004_2023","2023",47.07328,-113.2521,"2023-09-12","2023-10-15",33,"Grassland","Rural",2,0.0606060606060606,0.196633458137512
"231","BandyRanch","MT_Grassland_BandyRanch_WILD006_2023","2023",47.0925,-113.2125,"2023-09-19","2023-11-10",52,"Grassland","Rural",7,0.134615384615385,0.0687753856182098
"232","BandyRanch","MT_Grassland_BandyRanch_WILD015_2023","2023",47.0799,-113.2402,"2023-09-12","2023-10-31",49,"Grassland","Rural",4,0.0816326530612245,0.250662207603455
"233","BandyRanch","MT_Grassland_BandyRanch_WILD051_2023","2023",47.06324,-113.2291,"2023-09-05","2023-09-11",6,"Grassland","Rural",2,0.333333333333333,0.138110548257828
"234","BandyRanch","MT_Grassland_BandyRanch_WILD8_2023","2023",47.06261,-113.2552,"2023-09-19","2023-09-19",0,"Grassland","Rural",2,2,0.294844090938568
"235","BandyRanch","MT_Grassland_BandyRanch_Wild 012_2023","2023",47.056636,-113.239,"2023-09-12","2023-10-31",49,"Grassland","Rural",5,0.102040816326531,0.194145172834396
"236","BandyRanch","MT_Grassland_BandyRanch_Wild 1_2023","2023",47.06824,-113.2239,"2023-09-05","2023-09-10",5,"Grassland","Rural",1,0.2,0.217073887586594
"237","BandyRanch","MT_Grassland_BandyRanch_Wild 27_2023","2023",47.11037,-113.228,"2023-09-19","2023-09-27",8,"Grassland","Rural",1,0.125,0.246293395757675
"238","BandyRanch","MT_Grassland_BandyRanch_wbio7_2023","2023",47.094,-113.2344,"2023-09-19","2023-11-10",52,"Grassland","Rural",12,0.230769230769231,0.116475254297256
"239","MTHansen","MT_Grassland_Forest_Shrubland_Hansen_22.BAC.TRMR_Rec027_Mem164.20220911_2022","2022",48.1081,-112.70698,"2022-09-11","2022-09-23",12,"Forest","Wild",1,0.0833333333333333,0.282392680644989
"240","MTHansen","MT_Grassland_Forest_Shrubland_Hansen_22.BAC.TRMR_Rec039_Mem017.20220910_2022","2022",48.08772,-112.73944,"2022-09-10","2022-11-12",63,"Forest","Wild",3,0.0476190476190476,0.24023699760437
"241","MTHansen","MT_Grassland_Forest_Shrubland_Hansen_22.BAC.TRMR_Rec041_Mem206.20220910_2022","2022",48.09295,-112.70779,"2022-09-10","2022-11-12",63,"Forest","Wild",3,0.0476190476190476,0.316809892654419
"242","MTHansen","MT_Grassland_Forest_Shrubland_Hansen_22.BAC.TRMR_Rec042_Mem028.20220911_2022","2022",48.07277,-112.63412,"2022-09-11","2022-11-13",63,"Forest","Wild",3,0.0476190476190476,0.34517377614975
"243","MTHansen","MT_Grassland_Forest_Shrubland_Hansen_22.BAC.TRMR_Rec043_Mem043.20220911_2022","2022",48.09672,-112.66609,"2022-09-11","2022-11-13",63,"Forest","Wild",5,0.0793650793650794,0.336362361907959
"244","MTHansen","MT_Grassland_Forest_Shrubland_Hansen_22.BAC.TRMR_Rec045_Mem025.20220911_2022","2022",48.12428,-112.68279,"2022-09-11","2022-11-13",63,"Forest","Wild",3,0.0476190476190476,0.289491355419159
"245","MTHansen","MT_Grassland_Forest_Shrubland_Hansen_22.BAC.TRMR_Rec048_Mem006.20220911_2022","2022",48.12314,-112.69136,"2022-09-11","2022-11-13",63,"Forest","Wild",4,0.0634920634920635,0.334824681282043
"246","MTHansen","MT_Grassland_Forest_Shrubland_Hansen_22.BAC.TRMR_Rec049_Mem211.20220911_2022","2022",48.09966,-112.67345,"2022-09-11","2022-11-13",63,"Forest","Wild",4,0.0634920634920635,0.432289361953735
"247","ENMU","NM_Grassland_Rural_ENMU_loc2_2023","2023",34.250059,-103.246837,"2023-09-13","2023-09-23",10,"Grassland","Rural",1,0.1,0.533688962459564
"248","ENMU","NM_Grassland_Rural_ENMU_loc9_2023","2023",34.245626,-103.237804,"2023-09-13","2023-10-03",20,"Grassland","Rural",1,0.05,0.414600700139999
"249","GalenaCreek","NV_Forest_Rural_GalenaCreek_loc01_dep01A_2023","2023",39.3524,-119.86163,"2023-09-28","2023-11-06",39,"Forest","Rural",10,0.256410256410256,0.476657688617706
"250","GalenaCreek","NV_Forest_Rural_GalenaCreek_loc02_dep01A_2023","2023",39.35113,-119.86317,"2023-09-28","2023-11-05",38,"Forest","Rural",3,0.0789473684210526,0.368886530399323
"251","GalenaCreek","NV_Forest_Rural_GalenaCreek_loc02_dep01C_2023","2023",39.35113,-119.86317,"2023-11-11","2023-11-28",17,"Forest","Rural",2,0.117647058823529,0.368886530399323
"252","GalenaCreek","NV_Forest_Rural_GalenaCreek_loc03_dep01_2023","2023",39.35791,-119.85934,"2023-09-28","2023-10-06",8,"Forest","Rural",2,0.25,0.614262819290161
"253","GalenaCreek","NV_Forest_Rural_GalenaCreek_loc03_dep02_2023","2023",39.35125,-119.85262,"2023-10-06","2023-10-07",1,"Forest","Rural",2,2,0.476657688617706
"254","GalenaCreek","NV_Forest_Rural_GalenaCreek_loc03_dep03_2023","2023",39.35125,-119.85262,"2023-11-11","2023-11-28",17,"Forest","Rural",2,0.117647058823529,0.476657688617706
"255","GalenaCreek","NV_Forest_Rural_GalenaCreek_loc04_dep01A_2023","2023",39.36,-119.8555,"2023-10-02","2023-11-05",34,"Forest","Rural",4,0.117647058823529,0.614262819290161
"256","GalenaCreek","NV_Forest_Rural_GalenaCreek_loc04_dep01B_2023","2023",39.36,-119.8555,"2023-11-08","2023-11-11",3,"Forest","Rural",1,0.333333333333333,0.614262819290161
"257","GalenaCreek","NV_Forest_Rural_GalenaCreek_loc04_dep01C_2023","2023",39.36,-119.8555,"2023-11-11","2023-11-28",17,"Forest","Rural",3,0.176470588235294,0.614262819290161
"258","GalenaCreek","NV_Forest_Rural_GalenaCreek_loc05_dep01A_2023","2023",39.36004,-119.86098,"2023-10-02","2023-11-05",34,"Forest","Rural",8,0.235294117647059,0.614262819290161
"259","GalenaCreek","NV_Forest_Rural_GalenaCreek_loc05_dep01B_2023","2023",39.36004,-119.86098,"2023-11-07","2023-11-11",4,"Forest","Rural",1,0.25,0.614262819290161
"260","GalenaCreek","NV_Forest_Rural_GalenaCreek_loc05_dep01C_2023","2023",39.36004,-119.86098,"2023-11-11","2023-11-28",17,"Forest","Rural",2,0.117647058823529,0.614262819290161
"261","GalenaCreek","NV_Forest_Rural_GalenaCreek_loc06_dep01A_2023","2023",39.35791,-119.85934,"2023-10-06","2023-11-05",30,"Forest","Rural",2,0.0666666666666667,0.614262819290161
"262","GalenaCreek","NV_Forest_Rural_GalenaCreek_loc06_dep01B_2023","2023",39.35791,-119.85934,"2023-11-06","2023-11-11",5,"Forest","Rural",1,0.2,0.614262819290161
"263","GalenaCreek","NV_Forest_Rural_GalenaCreek_loc06_dep01C_2023","2023",39.35791,-119.85934,"2023-11-11","2023-11-28",17,"Forest","Rural",6,0.352941176470588,0.614262819290161
"264","GalenaCreek","NV_Forest_Rural_GalenaCreek_loc07_dep01A_2023","2023",39.35025,-119.86089,"2023-10-09","2023-11-05",27,"Forest","Rural",20,0.740740740740741,0.476657688617706
"265","GalenaCreek","NV_Forest_Rural_GalenaCreek_loc07_dep01B_2023","2023",39.35025,-119.86089,"2023-11-07","2023-11-11",4,"Forest","Rural",5,1.25,0.476657688617706
"266","GalenaCreek","NV_Forest_Rural_GalenaCreek_loc07_dep01C_2023","2023",39.35025,-119.86089,"2023-11-11","2023-11-28",17,"Forest","Rural",13,0.764705882352941,0.476657688617706
"267","GalenaCreek","NV_Forest_Rural_GalenaCreek_loc08_dep01_2023","2023",39.35403,-119.85993,"2023-11-12","2023-11-28",16,"Forest","Rural",15,0.9375,0.476657688617706
"268","GalenaCreek","NV_Forest_Rural_GalenaCreek_loc09_dep01_2023","2023",39.35175,-119.85875,"2023-11-11","2023-11-28",17,"Forest","Rural",20,1.17647058823529,0.476657688617706
"269","GalenaCreek","NV_Forest_Rural_GalenaCreek_loc10_dep01_2023","2023",39.35513,-119.85732,"2023-11-12","2023-11-28",16,"Forest","Rural",3,0.1875,0.476657688617706
"270","TruckeeMeadows","NV_Wetland_Rural_TruckeeMeadows_loc01_dep01_2023","2023",39.23367,-119.79978,"2023-09-25","2023-10-04",9,"Wetland","Rural",6,0.666666666666667,0.581242859363556
"271","TruckeeMeadows","NV_Wetland_Rural_TruckeeMeadows_loc01_dep02A_2023","2023",39.23367,-119.79978,"2023-10-05","2023-10-16",11,"Wetland","Rural",8,0.727272727272727,0.581242859363556
"272","TruckeeMeadows","NV_Wetland_Rural_TruckeeMeadows_loc01_dep02B_2023","2023",39.23367,-119.79978,"2023-10-16","2023-10-28",12,"Wetland","Rural",6,0.5,0.581242859363556
"273","TruckeeMeadows","NV_Wetland_Rural_TruckeeMeadows_loc01_dep03A_2023","2023",39.23367,-119.79978,"2023-11-01","2023-11-05",4,"Wetland","Rural",3,0.75,0.581242859363556
"274","TruckeeMeadows","NV_Wetland_Rural_TruckeeMeadows_loc01_dep03B_2023","2023",39.23367,-119.79978,"2023-11-06","2023-11-20",14,"Wetland","Rural",3,0.214285714285714,0.581242859363556
"275","TruckeeMeadows","NV_Wetland_Rural_TruckeeMeadows_loc01_dep03C_2023","2023",39.23367,-119.79978,"2023-11-20","2023-11-29",9,"Wetland","Rural",7,0.777777777777778,0.581242859363556
"276","TruckeeMeadows","NV_Wetland_Rural_TruckeeMeadows_loc02_dep01_2023","2023",39.23378,-119.80309,"2023-09-26","2023-10-28",32,"Wetland","Rural",24,0.75,0.628676891326904
"277","TruckeeMeadows","NV_Wetland_Rural_TruckeeMeadows_loc02_dep02A_2023","2023",39.23378,-119.80309,"2023-10-28","2023-11-05",8,"Wetland","Rural",3,0.375,0.628676891326904
"278","TruckeeMeadows","NV_Wetland_Rural_TruckeeMeadows_loc02_dep02B_2023","2023",39.23378,-119.80309,"2023-11-06","2023-11-08",2,"Wetland","Rural",1,0.5,0.628676891326904
"279","TruckeeMeadows","NV_Wetland_Rural_TruckeeMeadows_loc02_dep03_2023","2023",39.23378,-119.80309,"2023-11-20","2023-11-29",9,"Wetland","Rural",5,0.555555555555556,0.628676891326904
"280","TruckeeMeadows","NV_Wetland_Rural_TruckeeMeadows_loc03_dep01_2023","2023",39.23417,-119.80541,"2023-09-26","2023-09-27",1,"Wetland","Rural",11,11,0.628676891326904
"281","TruckeeMeadows","NV_Wetland_Rural_TruckeeMeadows_loc03_dep02_2023","2023",39.23417,-119.80541,"2023-10-05","2023-10-08",3,"Wetland","Rural",2,0.666666666666667,0.628676891326904
"282","TruckeeMeadows","NV_Wetland_Rural_TruckeeMeadows_loc03_dep03_2023","2023",39.23417,-119.80541,"2023-10-11","2023-10-16",5,"Wetland","Rural",8,1.6,0.628676891326904
"283","TruckeeMeadows","NV_Wetland_Rural_TruckeeMeadows_loc03_dep04_2023","2023",39.23417,-119.80541,"2023-10-28","2023-10-29",1,"Wetland","Rural",2,2,0.628676891326904
"284","TruckeeMeadows","NV_Wetland_Rural_TruckeeMeadows_loc03_dep05A_2023","2023",39.23417,-119.80541,"2023-11-08","2023-11-20",12,"Wetland","Rural",3,0.25,0.628676891326904
"285","TruckeeMeadows","NV_Wetland_Rural_TruckeeMeadows_loc03_dep05B_2023","2023",39.23417,-119.80541,"2023-11-20","2023-11-29",9,"Wetland","Rural",6,0.666666666666667,0.628676891326904
"286","TruckeeMeadows","NV_Wetland_Rural_TruckeeMeadows_loc04_dep01_2023","2023",39.23331,-119.79649,"2023-09-26","2023-10-10",14,"Wetland","Rural",9,0.642857142857143,0.581242859363556
"287","TruckeeMeadows","NV_Wetland_Rural_TruckeeMeadows_loc04_dep02_2023","2023",39.23331,-119.79649,"2023-10-12","2023-10-29",17,"Wetland","Rural",12,0.705882352941177,0.581242859363556
"288","TruckeeMeadows","NV_Wetland_Rural_TruckeeMeadows_loc04_dep03A_2023","2023",39.23331,-119.79649,"2023-10-29","2023-11-04",6,"Wetland","Rural",28,4.66666666666667,0.581242859363556
"289","TruckeeMeadows","NV_Wetland_Rural_TruckeeMeadows_loc04_dep03B_2023","2023",39.23331,-119.79649,"2023-11-05","2023-11-19",14,"Wetland","Rural",47,3.35714285714286,0.581242859363556
"290","TruckeeMeadows","NV_Wetland_Rural_TruckeeMeadows_loc04_dep03C_2023","2023",39.23331,-119.79649,"2023-11-19","2023-11-29",10,"Wetland","Rural",44,4.4,0.581242859363556
"291","TruckeeMeadows","NV_Wetland_Rural_TruckeeMeadows_loc05_dep01_2023","2023",39.2291,-119.79926,"2023-09-29","2023-10-21",22,"Wetland","Rural",32,1.45454545454545,0.581242859363556
"292","TruckeeMeadows","NV_Wetland_Rural_TruckeeMeadows_loc06_dep01_2023","2023",39.23154,-119.7971,"2023-09-29","2023-10-05",6,"Wetland","Rural",14,2.33333333333333,0.581242859363556
"293","TruckeeMeadows","NV_Wetland_Rural_TruckeeMeadows_loc07_dep01_2023","2023",39.23198,-119.80249,"2023-10-01","2023-10-12",11,"Wetland","Rural",2,0.181818181818182,0.581242859363556
"294","TruckeeMeadows","NV_Wetland_Rural_TruckeeMeadows_loc08_dep01_2023","2023",39.23266,-119.79419,"2023-10-11","2023-10-26",15,"Wetland","Rural",16,1.06666666666667,0.581242859363556
"295","TruckeeMeadows","NV_Wetland_Rural_TruckeeMeadows_loc08_dep02A_2023","2023",39.23266,-119.79419,"2023-10-29","2023-11-05",7,"Wetland","Rural",3,0.428571428571429,0.581242859363556
"296","TruckeeMeadows","NV_Wetland_Rural_TruckeeMeadows_loc08_dep02B_2023","2023",39.23266,-119.79419,"2023-11-05","2023-11-19",14,"Wetland","Rural",5,0.357142857142857,0.581242859363556
"297","TruckeeMeadows","NV_Wetland_Rural_TruckeeMeadows_loc08_dep03_2023","2023",39.23266,-119.79419,"2023-11-22","2023-11-29",7,"Wetland","Rural",3,0.428571428571429,0.581242859363556
"298","TruckeeMeadows","NV_Wetland_Rural_TruckeeMeadows_loc09_dep01A_2023","2023",39.23211,-119.79108,"2023-10-11","2023-11-04",24,"Wetland","Rural",21,0.875,0.51354718208313
"299","TruckeeMeadows","NV_Wetland_Rural_TruckeeMeadows_loc09_dep01B_2023","2023",39.23211,-119.79108,"2023-11-09","2023-11-19",10,"Wetland","Rural",7,0.7,0.51354718208313
"300","TruckeeMeadows","NV_Wetland_Rural_TruckeeMeadows_loc09_dep01C_2023","2023",39.23211,-119.79108,"2023-11-19","2023-11-29",10,"Wetland","Rural",18,1.8,0.51354718208313
"301","TruckeeMeadows","NV_Wetland_Rural_TruckeeMeadows_loc10_dep01_2023","2023",39.23517,-119.81008,"2023-11-08","2023-11-29",21,"Wetland","Rural",8,0.380952380952381,0.628676891326904
"302","TruckeeMeadows","NV_Wetland_Rural_TruckeeMeadows_loc12_dep01_2023","2023",39.22965,-119.79094,"2023-11-22","2023-11-29",7,"Wetland","Rural",3,0.428571428571429,0.51354718208313
"303","CowCreek","OR_Forest_Cow_Creek_20_02_2020","2020",43.10405,-123.03687,"2020-10-06","2020-10-27",21,"Forest","Wild",2,0.0952380952380952,0.11311674118042
"304","CowCreek","OR_Forest_Cow_Creek_20_10_2020","2020",43.05536,-122.95079,"2020-10-05","2020-10-27",22,"Forest","Wild",2,0.0909090909090909,0.133758634328842
"305","CowCreek","OR_Forest_Cow_Creek_20_11_2020","2020",43.05504,-122.93709,"2020-10-05","2020-10-27",22,"Forest","Wild",2,0.0909090909090909,0.114346504211426
"306","CowCreek","OR_Forest_Cow_Creek_20_12_2020","2020",43.03803,-122.94518,"2020-10-05","2020-10-27",22,"Forest","Wild",2,0.0909090909090909,0.135070562362671
"307","CowCreek","OR_Forest_Cow_Creek_20_16_2020","2020",43.01642,-122.92581,"2020-10-05","2020-10-27",22,"Forest","Wild",2,0.0909090909090909,0.108802676200867
"308","CowCreek","OR_Forest_Cow_Creek_20_17_2020","2020",42.99731,-122.94067,"2020-10-05","2020-10-27",22,"Forest","Wild",3,0.136363636363636,0.115921974182129
"309","CowCreek","OR_Forest_Cow_Creek_20_18_2020","2020",42.97698,-122.94605,"2020-10-05","2020-10-27",22,"Forest","Wild",7,0.318181818181818,0.134802222251892
"310","Forrester","OR_Forest_Forrester_21_dep_05_2021","2021",45.30468,-118.55659,"2021-09-01","2021-10-28",57,"Forest","Wild",4,0.0701754385964912,0.284620940685272
"311","Forrester","OR_Forest_Forrester_21_dep_06_2021","2021",45.30501,-118.54423,"2021-09-01","2021-10-28",57,"Forest","Wild",12,0.210526315789474,0.484093934297562
"312","Forrester","OR_Forest_Forrester_21_dep_08_2021","2021",45.30592,-118.51761,"2021-09-01","2021-11-08",68,"Forest","Wild",16,0.235294117647059,0.506114184856415
"313","Forrester","OR_Forest_Forrester_21_dep_11_2021","2021",45.29587,-118.56839,"2021-09-01","2021-10-10",39,"Forest","Wild",5,0.128205128205128,0.229460269212723
"314","Forrester","OR_Forest_Forrester_21_dep_18_2021","2021",45.28759,-118.54345,"2021-09-01","2021-11-05",65,"Forest","Wild",4,0.0615384615384615,0.253072917461395
"315","Forrester","OR_Forest_Forrester_21_dep_19_2021","2021",45.28717,-118.53052,"2021-09-01","2021-11-08",68,"Forest","Wild",49,0.720588235294118,0.321264445781708
"316","Forrester","OR_Forest_Forrester_21_dep_22_2021","2021",45.27756,-118.5687,"2021-09-01","2021-11-04",64,"Forest","Wild",29,0.453125,0.313925862312317
"317","Forrester","OR_Forest_Forrester_21_dep_23_2021","2021",45.27858,-118.55617,"2021-09-01","2021-11-24",84,"Forest","Wild",4,0.0476190476190476,0.236589223146439
"318","Forrester","OR_Forest_Forrester_21_dep_26_2021","2021",45.27822,-118.51726,"2021-09-01","2021-11-23",83,"Forest","Wild",31,0.373493975903614,0.349070608615875
"319","OregonStateUni","OR_Forest_OregonStateUni_ORSNAP01 09/22/2023_2023","2023",44.43742,-123.4395317,"2023-09-22","2023-11-03",42,"Forest","Wild",2,0.0476190476190476,0.121811330318451
"320","OregonStateUni","OR_Forest_OregonStateUni_ORSNAP02 09/22/2023_2023","2023",44.43729,-123.4464166,"2023-09-22","2023-11-03",42,"Forest","Wild",2,0.0476190476190476,0.0864761173725128
"321","OregonStateUni","OR_Forest_OregonStateUni_ORSNAP03 09/22/2023_2023","2023",44.43307,-123.4523834,"2023-09-22","2023-11-03",42,"Forest","Wild",2,0.0476190476190476,0.0864761173725128
"322","OregonStateUni","OR_Forest_OregonStateUni_ORSNAP04 09/22/2023_2023","2023",44.42942,-123.450666,"2023-09-22","2023-11-03",42,"Forest","Wild",2,0.0476190476190476,0.0772234797477722
"323","OregonStateUni","OR_Forest_OregonStateUni_ORSNAP05 09/22/2023_2023","2023",44.42244,-123.4467558,"2023-09-22","2023-11-03",42,"Forest","Wild",2,0.0476190476190476,0.0772234797477722
"324","OregonStateUni","OR_Forest_OregonStateUni_ORSNAP06 09/22/2023_2023","2023",44.41901,-123.4466669,"2023-09-22","2023-11-03",42,"Forest","Wild",2,0.0476190476190476,0.0936880111694336
"325","OregonStateUni","OR_Forest_OregonStateUni_ORSNAP07 09/22/2023_2023","2023",44.41525,-123.4486857,"2023-09-22","2023-11-03",42,"Forest","Wild",2,0.0476190476190476,0.0936880111694336
"326","OregonStateUni","OR_Forest_OregonStateUni_ORSNAP08 09/22/2023_2023","2023",44.41209,-123.4538643,"2023-09-22","2023-11-03",42,"Forest","Wild",2,0.0476190476190476,0.105608075857162
"327","OregonStateUni","OR_Forest_OregonStateUni_ORSNAP09 09/22/2023_2023","2023",44.40897,-123.4620278,"2023-09-22","2023-11-03",42,"Forest","Wild",2,0.0476190476190476,0.0767033994197845
"328","OregonStateUni","OR_Forest_OregonStateUni_ORSNAP10 09/22/2023_2023","2023",44.40901,-123.4699743,"2023-09-22","2023-11-03",42,"Forest","Wild",4,0.0952380952380952,0.0507249534130096
"329","OregonStateUni","OR_Forest_OregonStateUni_ORSNAP11 09/22/2023_2023","2023",44.41071,-123.4772571,"2023-09-22","2023-11-03",42,"Forest","Wild",2,0.0476190476190476,0.0908959209918976
"330","OregonStateUni","OR_Forest_OregonStateUni_ORSNAP12 09/22/2023_2023","2023",44.40812,-123.4879106,"2023-09-22","2023-11-03",42,"Forest","Wild",2,0.0476190476190476,0.10429522395134
"331","OregonStateUni","OR_Forest_OregonStateUni_ORSNAP13 09/22/2023_2023","2023",44.41028,-123.4807754,"2023-09-22","2023-11-03",42,"Forest","Wild",2,0.0476190476190476,0.0908959209918976
"332","OregonStateUni","OR_Forest_OregonStateUni_ORSNAP14 09/22/2023_2023","2023",44.40988,-123.4575996,"2023-09-22","2023-11-03",42,"Forest","Wild",2,0.0476190476190476,0.0767033994197845
"333","OregonStateUni","OR_Forest_OregonStateUni_ORSNAP15 09/22/2023_2023","2023",44.42656,-123.4486214,"2023-09-22","2023-11-03",42,"Forest","Wild",2,0.0476190476190476,0.0772234797477722
"334","OregonStateUni","OR_Forest_Oregon_State_University_11_2019","2019",44.41208,-123.45385,"2019-09-06","2019-10-23",47,"Forest","Wild",5,0.106382978723404,0.105608075857162
"335","OregonStateUni","OR_Forest_Oregon_State_University_13_2019","2019",44.41071,-123.47724,"2019-09-06","2019-10-23",47,"Forest","Wild",8,0.170212765957447,0.0908959209918976
"336","OregonStateUni","OR_Forest_Oregon_State_University_14_2019","2019",44.42231,-123.42228,"2019-09-06","2019-10-23",47,"Forest","Wild",3,0.0638297872340425,0.127837836742401
"337","OregonStateUni","OR_Forest_Oregon_State_University_1_2019","2019",44.43746,-123.4404,"2019-09-06","2019-10-23",47,"Forest","Wild",4,0.0851063829787234,0.121811330318451
"338","OregonStateUni","OR_Forest_Oregon_State_University_20_01_2020","2020",44.4374,-123.4395,"2020-09-04","2020-10-24",50,"Forest","Wild",3,0.06,0.121811330318451
"339","OregonStateUni","OR_Forest_Oregon_State_University_20_06_2020","2020",44.419,-123.4467,"2020-09-04","2020-10-24",50,"Forest","Wild",3,0.06,0.0936880111694336
"340","OregonStateUni","OR_Forest_Oregon_State_University_20_08_2020","2020",44.4121,-123.4539,"2020-09-04","2020-10-24",50,"Forest","Wild",3,0.06,0.105608075857162
"341","OregonStateUni","OR_Forest_Oregon_State_University_20_09_2020","2020",44.409,-123.462,"2020-09-04","2020-10-24",50,"Forest","Wild",19,0.38,0.0767033994197845
"342","OregonStateUni","OR_Forest_Oregon_State_University_20_15_2020","2020",44.4266,-123.4486,"2020-09-04","2020-10-24",50,"Forest","Wild",4,0.08,0.0772234797477722
"343","OregonStateUni","OR_Forest_Oregon_State_University_22_ORSNAP09 09/23/2022_2022","2022",44.40897,-123.4620278,"2022-09-23","2022-11-11",49,"Forest","Wild",3,0.0612244897959184,0.0767033994197845
"344","OregonStateUni","OR_Forest_Oregon_State_University_22_ORSNAP12 09/23/2022_2022","2022",44.40812,-123.4879106,"2022-09-23","2022-11-11",49,"Forest","Wild",3,0.0612244897959184,0.10429522395134
"345","OregonStateUni","OR_Forest_Oregon_State_University_2_2019","2019",44.43848,-123.44706,"2019-09-06","2019-10-23",47,"Forest","Wild",3,0.0638297872340425,0.0864761173725128
"346","OregonStateUni","OR_Forest_Oregon_State_University_3_2019","2019",44.43306,-123.45237,"2019-09-06","2019-09-18",12,"Forest","Wild",1,0.0833333333333333,0.0864761173725128
"347","OregonStateUni","OR_Forest_Oregon_State_University_5_2019","2019",44.42362,-123.4461,"2019-09-06","2019-10-23",47,"Forest","Wild",3,0.0638297872340425,0.0772234797477722
"348","OregonStateUni","OR_Forest_Oregon_State_University_7_2019","2019",44.42099,-123.41943,"2019-09-06","2019-10-23",47,"Forest","Wild",3,0.0638297872340425,0.127837836742401
"349","OregonStateUni","OR_Forest_Oregon_State_University_9_2019","2019",44.40896,-123.46201,"2019-09-06","2019-10-23",47,"Forest","Wild",3,0.0638297872340425,0.0767033994197845
"350","Forrester","OR_Forest_Starkey_Experimental_Forest_26_2019","2019",45.29552,-118.58155,"2019-09-01","2019-10-02",31,"Forest","Wild",2,0.0645161290322581,0.418604850769043
"351","Forrester","OR_Forest_Starkey_Experimental_Forest_37_2019","2019",45.28695,-118.58028,"2019-09-01","2019-10-02",31,"Forest","Wild",13,0.419354838709677,0.264127492904663
"352","Forrester","OR_Forest_Starkey_Experimental_Forest_38_2019","2019",45.28624,-118.5694,"2019-09-01","2019-10-02",31,"Forest","Wild",6,0.193548387096774,0.245427787303925
"353","Forrester","OR_Forest_Starkey_Experimental_Forest_40_2019","2019",45.28763,-118.54344,"2019-09-01","2019-10-02",31,"Forest","Wild",4,0.129032258064516,0.253072917461395
"354","Forrester","OR_Forest_Starkey_Experimental_Forest_46_2019","2019",45.27832,-118.60679,"2019-09-01","2019-10-08",37,"Forest","Wild",5,0.135135135135135,0.148557722568512
"355","Forrester","OR_Forest_Starkey_Experimental_Forest_48B_2019","2019",45.27778,-118.57935,"2019-09-03","2019-10-04",31,"Forest","Wild",2,0.0645161290322581,0.33043783903122
"356","Forrester","OR_Forest_Starkey_Experimental_Forest_49B_2019","2019",45.27759,-118.56878,"2019-09-01","2019-10-04",33,"Forest","Wild",74,2.24242424242424,0.313925862312317
"357","Forrester","OR_Forest_Starkey_Experimental_Forest_50B_2019","2019",45.27851,-118.55618,"2019-09-01","2019-10-04",33,"Forest","Wild",11,0.333333333333333,0.236589223146439
"358","Forrester","OR_Forest_Starkey_Experimental_Forest_51B_2019","2019",45.27849,-118.54291,"2019-09-01","2019-10-02",31,"Forest","Wild",8,0.258064516129032,0.221426367759705
"359","Forrester","OR_Forest_Starkey_Experimental_Forest_59B_2019","2019",45.26926,-118.58045,"2019-09-01","2019-10-04",33,"Forest","Wild",2,0.0606060606060606,0.175554215908051
"360","McMinnville","OR_McMinnville_W.Grassland.Run_SS23_Cam1 08/23/2023_2023","2023",45.223,-123.25295,"2023-10-14","2023-10-30",16,"Grassland","Rural",1,0.0625,0.632620334625244
"361","OregonStateUni","Oregon_Forest_Lesmeister_21_dep_06_2021","2021",44.41901465,-123.4466669,"2021-09-23","2021-11-06",44,"Forest","Wild",3,0.0681818181818182,0.0936880111694336
"362","OregonStateUni","Oregon_Forest_Lesmeister_21_dep_08_2021","2021",44.41208846,-123.4538643,"2021-09-23","2021-11-06",44,"Forest","Wild",3,0.0681818181818182,0.105608075857162
"363","OregonStateUni","Oregon_Forest_Lesmeister_21_dep_11_2021","2021",44.41071298,-123.4772571,"2021-09-23","2021-11-06",44,"Forest","Wild",5,0.113636363636364,0.0908959209918976
"364","OregonStateUni","Oregon_Forest_Lesmeister_21_dep_12_2021","2021",44.40811798,-123.4879106,"2021-09-23","2021-11-06",44,"Forest","Wild",3,0.0681818181818182,0.10429522395134
"365","Wasatch","PC_menlove.Fall.USA.2020_2020","2020",40.79345,-111.67988,"2020-10-03","2020-11-02",30,"Forest","Wild",7,0.233333333333333,0.214220255613327
"366","Wasatch","RB_06.USA.2020_2020","2020",40.80686,-111.78573,"2020-08-17","2020-08-22",5,"Forest","Wild",5,1,0.0385563671588898
"367","Wasatch","RB_09.USA.2020_2020","2020",40.79888,-111.77295,"2020-10-03","2020-11-07",35,"Forest","Wild",2,0.0571428571428571,0.203525602817535
"368","Wasatch","RB_10.USA.2020_2020","2020",40.80299,-111.76394,"2020-08-17","2020-10-03",47,"Forest","Wild",54,1.14893617021277,0.0404163300991058
"369","Wasatch","RB_13.USA.2020_2020","2020",40.80783,-111.74773,"2020-08-17","2020-10-03",47,"Forest","Wild",43,0.914893617021277,0.373028099536896
"370","Custer","SD_Grassland_Custer_County_20_01_2020","2020",43.72727,-103.80279,"2020-09-15","2020-09-23",8,"Grassland","Wild",1,0.125,0.0843338668346405
"371","Custer","SD_Grassland_Custer_County_9_2019","2019",43.72644,-103.79394,"2019-09-15","2019-11-07",53,"Grassland","Wild",3,0.0566037735849057,0.128515690565109
"372","YoakumDunes","TX_Grassland_YoakumDunes_21_dep_01 09/01/2021_2021","2021",33.403084,-102.712222,"2021-09-01","2021-09-16",15,"Grassland","Wild",3,0.2,0.182196527719498
"373","YoakumDunes","TX_Grassland_YoakumDunes_21_dep_02 09/01/2021_2021","2021",33.40425,-102.700023,"2021-09-01","2021-09-16",15,"Grassland","Wild",1,0.0666666666666667,0.153376221656799
"374","YoakumDunes","TX_Grassland_YoakumDunes_21_dep_03 09/20/2021_2021","2021",33.402965,-102.698472,"2021-09-20","2021-09-23",3,"Grassland","Wild",2,0.666666666666667,0.153376221656799
"375","YoakumDunes","TX_Grassland_YoakumDunes_21_dep_03 09/20/21_2021","2021",33.402965,-102.698472,"2021-09-20","2021-10-13",23,"Grassland","Wild",5,0.217391304347826,0.153376221656799
"376","YoakumDunes","TX_Grassland_YoakumDunes_21_dep_04 09/01/2021_2021","2021",33.410034,-102.673482,"2021-09-01","2021-09-16",15,"Grassland","Wild",2,0.133333333333333,0.200491160154343
"377","YoakumDunes","TX_Grassland_YoakumDunes_21_dep_05 09/01/2021_2021","2021",33.405826,-102.668921,"2021-09-01","2021-09-15",14,"Grassland","Wild",1,0.0714285714285714,0.200491160154343
"378","YoakumDunes","TX_Grassland_YoakumDunes_21_dep_05 09/16/2021_2021","2021",33.405826,-102.668921,"2021-09-16","2021-10-14",28,"Grassland","Wild",2,0.0714285714285714,0.200491160154343
"379","YoakumDunes","TX_Grassland_YoakumDunes_21_dep_06 09/01/2021_2021","2021",33.402469,-102.652339,"2021-09-01","2021-09-16",15,"Grassland","Wild",7,0.466666666666667,0.190662115812302
"380","YoakumDunes","TX_Grassland_YoakumDunes_21_dep_06 09/16/2021_2021","2021",33.402469,-102.652339,"2021-09-16","2021-10-14",28,"Grassland","Wild",8,0.285714285714286,0.190662115812302
"381","YoakumDunes","TX_Grassland_YoakumDunes_21_dep_07 09/01/2021_2021","2021",33.399781,-102.659046,"2021-09-01","2021-09-16",15,"Grassland","Wild",1,0.0666666666666667,0.17993238568306
"382","YoakumDunes","TX_Grassland_YoakumDunes_21_dep_08 09/01/2021_2021","2021",33.399333,-102.667384,"2021-09-01","2021-09-16",15,"Grassland","Wild",1,0.0666666666666667,0.17993238568306
"383","YoakumDunes","TX_Grassland_YoakumDunes_21_dep_09 09/01/2021_2021","2021",33.392645,-102.694614,"2021-09-01","2021-09-16",15,"Grassland","Wild",1,0.0666666666666667,0.157372117042542
"384","YoakumDunes","TX_Grassland_YoakumDunes_21_dep_10 09/01/2021_2021","2021",33.387569,-102.71258,"2021-09-01","2021-09-16",15,"Grassland","Wild",2,0.133333333333333,0.197045654058456
"385","YoakumDunes","TX_Grassland_YoakumDunes_22_PT 09/28/2022_2022","2022",33.402469,-102.652339,"2022-09-28","2022-10-03",5,"Grassland","Wild",1,0.2,0.190662115812302
"386","YoakumDunes","TX_Grassland_YoakumDunes_23_MDT 09/13/2023_2023","2023",33.405829,-102.674661,"2023-09-13","2023-10-06",23,"Grassland","Wild",2,0.0869565217391304,0.200491160154343
"387","YoakumDunes","TX_Grassland_YoakumDunes_23_Middle 09/13/2023_2023","2023",33.402965,-102.698472,"2023-09-13","2023-10-31",48,"Grassland","Wild",3,0.0625,0.153376221656799
"388","SLC","UT_Anthropogenic_Urban_SLC_23_dep_00_2023","2023",40.85159,-111.96394,"2023-09-05","2023-10-31",56,"Desert","Urban",18,0.321428571428571,0.683671057224274
"389","SLC","UT_Anthropogenic_Urban_SLC_23_dep_01_2023","2023",40.84831,-111.959,"2023-09-01","2023-10-30",59,"Desert","Urban",4,0.0677966101694915,0.74995619058609
"390","Wasatch","UT_Forest_Wasatch_21_dep_01_2021","2021",40.79163,-111.67913,"2021-08-14","2021-09-11",28,"Forest","Wild",3,0.107142857142857,0.214220255613327
"391","Wasatch","UT_Forest_Wasatch_21_dep_02_2021","2021",40.804176,-111.765672,"2021-10-01","2021-11-06",36,"Forest","Wild",78,2.16666666666667,0.0404163300991058
"392","Wasatch","UT_Forest_Wasatch_21_dep_03_2021","2021",40.803,-111.76397,"2021-09-18","2021-11-06",49,"Forest","Wild",10,0.204081632653061,0.0404163300991058
"393","Wasatch","UT_Forest_Wasatch_21_dep_04_2021","2021",40.79973,-111.77186,"2021-09-18","2021-11-06",49,"Forest","Wild",37,0.755102040816326,0.203525602817535
"394","Wasatch","UT_Forest_Wasatch_21_dep_05_2021","2021",40.79092,-111.78276,"2021-09-18","2021-11-06",49,"Forest","Wild",30,0.612244897959184,0.0734816193580627
"395","Wasatch","UT_Forest_Wasatch_21_dep_10_2021","2021",40.79198,-111.79553,"2021-09-19","2021-11-07",49,"Forest","Wild",18,0.36734693877551,0.105899184942245
"396","Wasatch","UT_Forest_Wasatch_21_dep_12_2021","2021",40.80763,-111.7837,"2021-08-15","2021-11-07",84,"Forest","Wild",42,0.5,0.0385563671588898
"397","Wasatch","UT_Forest_Wasatch_21_dep_13_2021","2021",40.79494,-111.68028,"2021-09-11","2021-11-07",57,"Forest","Wild",12,0.210526315789474,0.214220255613327
"398","Wasatch","UT_Forest_Wasatch_22_dep_03_2022","2022",40.79225,-111.79558,"2022-08-20","2022-10-09",50,"Forest","Wild",22,0.44,0.105899184942245
"399","Wasatch","UT_Forest_Wasatch_22_dep_04_2022","2022",40.80228,-111.79276,"2022-08-20","2022-10-09",50,"Forest","Wild",19,0.38,0.0236189961433411
"400","Wasatch","UT_Forest_Wasatch_22_dep_05_2022","2022",40.80768,-111.78326,"2022-08-20","2022-10-09",50,"Forest","Wild",18,0.36,0.0385563671588898
"401","Wasatch","UT_Forest_Wasatch_22_dep_07_2022","2022",40.79142,-111.78157,"2022-10-01","2022-11-08",38,"Forest","Wild",47,1.23684210526316,0.0734816193580627
"402","Wasatch","UT_Forest_Wasatch_22_dep_08_2022","2022",40.79967,-111.77359,"2022-10-01","2022-11-01",31,"Forest","Wild",14,0.451612903225806,0.203525602817535
"403","Wasatch","UT_Forest_Wasatch_22_dep_09_2022","2022",40.80465,-111.76551,"2022-10-01","2022-11-08",38,"Forest","Wild",11,0.289473684210526,0.0404163300991058
"404","Wasatch","UT_Forest_Wasatch_22_dep_10_2022","2022",40.81322,-111.76157,"2022-10-01","2022-11-08",38,"Forest","Wild",9,0.236842105263158,0.0503361821174622
"405","Wasatch","UT_Forest_Wasatch_22_dep_11_2022","2022",40.812367,-111.761525,"2022-10-01","2022-11-08",38,"Forest","Wild",11,0.289473684210526,0.0503361821174622
"406","Wasatch","UT_Forest_Wild_Wasatch_23_dep_03_2023","2023",40.79225,-111.79558,"2023-09-09","2023-11-04",56,"Forest","Wild",9,0.160714285714286,0.105899184942245
"407","Wasatch","UT_Forest_Wild_Wasatch_23_dep_04_2023","2023",40.80228,-111.79276,"2023-09-09","2023-11-04",56,"Forest","Wild",9,0.160714285714286,0.0236189961433411
"408","Wasatch","UT_Forest_Wild_Wasatch_23_dep_05_2023","2023",40.80768,-111.78326,"2023-09-09","2023-11-04",56,"Forest","Wild",8,0.142857142857143,0.0385563671588898
"409","Wasatch","UT_Forest_Wild_Wasatch_23_dep_07_2023","2023",40.79142,-111.78157,"2023-09-10","2023-11-05",56,"Forest","Wild",30,0.535714285714286,0.0734816193580627
"410","Wasatch","UT_Forest_Wild_Wasatch_23_dep_08_2023","2023",40.7989,-111.772847,"2023-09-10","2023-11-05",56,"Forest","Wild",25,0.446428571428571,0.203525602817535
"411","Wasatch","UT_Forest_Wild_Wasatch_23_dep_09_2023","2023",40.80465,-111.76551,"2023-09-10","2023-11-05",56,"Forest","Wild",12,0.214285714285714,0.0404163300991058
"412","Wasatch","UT_Forest_Wild_Wasatch_23_dep_10_2023","2023",40.81322,-111.76157,"2023-09-10","2023-11-05",56,"Forest","Wild",12,0.214285714285714,0.0503361821174622
"413","Wasatch","UT_Forest_Wild_Wasatch_23_dep_11_2023","2023",40.8065,-111.75555,"2023-09-10","2023-11-05",56,"Forest","Wild",13,0.232142857142857,0.196804136037827
"414","KamiakButte","WA_Kamiak_21_dep_01_2021","2021",46.87136,-117.15315,"2021-09-17","2021-10-15",28,"Forest","Wild",3,0.107142857142857,0.38227704167366
"415","KamiakButte","WA_Kamiak_21_dep_02_2021","2021",46.87035,-117.15128,"2021-09-17","2021-10-15",28,"Forest","Wild",3,0.107142857142857,0.331118285655975
"416","KamiakButte","WA_Kamiak_21_loc_0010 09/17/2021_2021","2021",46.86254,-117.17386,"2021-09-24","2021-10-15",21,"Forest","Wild",3,0.142857142857143,0.428461462259293
"417","KamiakButte","WA_Kamiak_21_loc_017 09/17/2021_2021","2021",46.86314,-117.16644,"2021-09-24","2021-10-15",21,"Forest","Wild",2,0.0952380952380952,0.32050484418869
"418","KamiakButte","WA_Kamiak_21_loc_03 09/17/2021_2021","2021",46.86914,-117.15094,"2021-09-17","2021-10-15",28,"Forest","Wild",3,0.107142857142857,0.331118285655975
"419","KamiakButte","WA_Kamiak_21_loc_04 09/17/2021_2021","2021",46.86703,-117.15267,"2021-09-17","2021-09-30",13,"Forest","Wild",1,0.0769230769230769,0.38227704167366
"420","KamiakButte","WA_Kamiak_21_loc_05 09/17/2021_2021","2021",46.86577,-117.15746,"2021-09-24","2021-10-15",21,"Forest","Wild",2,0.0952380952380952,0.38227704167366
"421","KamiakButte","WA_Kamiak_21_loc_06 09/17/2021_2021","2021",46.86653,-117.16013,"2021-09-24","2021-10-15",21,"Forest","Wild",2,0.0952380952380952,0.38227704167366
"422","KamiakButte","WA_Kamiak_21_loc_07 09/17/2021_2021","2021",46.8644,-117.16098,"2021-09-24","2021-10-15",21,"Forest","Wild",3,0.142857142857143,0.38227704167366
"423","KamiakButte","WA_Kamiak_21_loc_12 09/17/2021_2021","2021",46.86596,-117.16371,"2021-09-24","2021-10-15",21,"Forest","Wild",3,0.142857142857143,0.342007130384445
"424","KamiakButte","WA_Kamiak_21_loc_19 09/17/2021_2021","2021",46.86548,-117.1549,"2021-09-24","2021-10-15",21,"Forest","Wild",3,0.142857142857143,0.38227704167366
"425","SmootHill","WA_Smoot_Hill_0012 10/15/2021_2021","2021",46.82788,-117.216,"2021-10-18","2021-11-12",25,"Forest","Rural",2,0.08,0.312659204006195
"426","SmootHill","WA_Smoot_Hill_006 10/15/2021_2021","2021",46.82601,-117.21317,"2021-10-16","2021-11-10",25,"Forest","Rural",3,0.12,0.312659204006195
"427","SmootHill","WA_Smoot_Hill_01 10/15/2021_2021","2021",46.82758,-117.21301,"2021-10-16","2021-11-10",25,"Forest","Rural",3,0.12,0.312659204006195
"428","SmootHill","WA_Smoot_Hill_014 10/15/2021_2021","2021",46.82626,-117.22653,"2021-10-16","2021-11-10",25,"Forest","Rural",3,0.12,0.397964954376221
"429","SmootHill","WA_Smoot_Hill_016 10/15/2021_2021","2021",46.82444,-117.23443,"2021-10-16","2021-11-10",25,"Forest","Rural",4,0.16,0.337941616773605
"430","SmootHill","WA_Smoot_Hill_017 10/15/2021_2021","2021",46.82974,-117.2294,"2021-10-16","2021-11-10",25,"Forest","Rural",4,0.16,0.397964954376221
"431","SmootHill","WA_Smoot_Hill_019 10/15/2021_2021","2021",46.82757,-117.2343,"2021-10-15","2021-11-10",26,"Forest","Rural",3,0.115384615384615,0.458372175693512
"432","SmootHill","WA_Smoot_Hill_02 10/15/2021_2021","2021",46.82925,-117.21535,"2021-10-16","2021-11-10",25,"Forest","Rural",3,0.12,0.312659204006195
"433","SmootHill","WA_Smoot_Hill_03 10/15/2021_2021","2021",46.82801,-117.22096,"2021-10-16","2021-11-10",25,"Forest","Rural",4,0.16,0.397964954376221
"434","SmootHill","WA_Smoot_Hill_04 10/15/2021_2021","2021",46.82614,-117.23397,"2021-10-16","2021-11-10",25,"Forest","Rural",2,0.08,0.458372175693512
"435","SmootHill","WA_Smoot_Hill_05 10/15/2021_2021","2021",46.82782,-117.22375,"2021-10-16","2021-11-05",20,"Forest","Rural",2,0.1,0.397964954376221
"436","SmootHill","WA_Smoot_Hill_07 10/15/2021_2021","2021",46.82983,-117.21767,"2021-10-16","2021-11-10",25,"Forest","Rural",3,0.12,0.312659204006195
"437","SmootHill","WA_Smoot_Hill_10 10/15/2021_2021","2021",46.82769,-117.23171,"2021-10-15","2021-11-10",26,"Forest","Rural",3,0.115384615384615,0.458372175693512
"438","Alexander","WY_Forest_Alexander_21_dep_02_2021","2021",43.65151376,-110.5071142,"2021-09-14","2021-10-27",43,"Forest","Wild",10,0.232558139534884,0.453238874673843
"439","Alexander","WY_Forest_Alexander_21_dep_03_2021","2021",43.66123117,-110.4974213,"2021-09-14","2021-10-27",43,"Forest","Wild",39,0.906976744186046,0.200955480337143
"440","Alexander","WY_Forest_Alexander_21_dep_05_2021","2021",43.64480685,-110.493716,"2021-09-13","2021-10-27",44,"Forest","Wild",4,0.0909090909090909,0.180195748806
"441","Alexander","WY_Forest_Alexander_21_dep_06_2021","2021",43.64157685,-110.5002437,"2021-09-14","2021-10-27",43,"Forest","Wild",3,0.0697674418604651,0.180195748806
"442","Alexander","WY_Forest_Alexander_21_dep_07_2021","2021",43.65513977,-110.4790771,"2021-09-13","2021-10-28",45,"Forest","Wild",50,1.11111111111111,0.366281092166901
"443","Alexander","WY_Forest_Alexander_21_dep_08_2021","2021",43.64633293,-110.4649535,"2021-09-13","2021-10-28",45,"Forest","Wild",19,0.422222222222222,0.144095033407211
"444","Alexander","WY_Forest_Alexander_21_dep_09_2021","2021",43.64006747,-110.4741261,"2021-09-13","2021-10-28",45,"Forest","Wild",4,0.0888888888888889,0.0136749148368835
"445","Alexander","WY_Forest_Alexander_21_dep_10_2021","2021",43.64154854,-110.4790578,"2021-09-13","2021-10-28",45,"Forest","Wild",5,0.111111111111111,0.0136749148368835
"446","Alexander","WY_Forest_Alexander_21_dep_12_2021","2021",43.63689379,-110.4880219,"2021-09-13","2021-10-28",45,"Forest","Wild",3,0.0666666666666667,0.113627970218658
"447","Alexander","WY_Forest_Alexander_22_dep01_2022","2022",43.6443,-110.50813,"2022-09-12","2022-10-27",45,"Forest","Wild",3,0.0666666666666667,0.288677096366882
"448","Alexander","WY_Forest_Alexander_22_dep02_2022","2022",43.65161,-110.50711,"2022-09-12","2022-10-11",29,"Forest","Wild",8,0.275862068965517,0.453238874673843
"449","Alexander","WY_Forest_Alexander_22_dep03_2022","2022",43.66123,-110.49742,"2022-09-12","2022-10-27",45,"Forest","Wild",22,0.488888888888889,0.200955480337143
"450","Alexander","WY_Forest_Alexander_22_dep05_2022","2022",43.64481,-110.49372,"2022-09-13","2022-10-29",46,"Forest","Wild",5,0.108695652173913,0.180195748806
"451","Alexander","WY_Forest_Alexander_22_dep07_2022","2022",43.65514,-110.47908,"2022-09-13","2022-10-29",46,"Forest","Wild",25,0.543478260869565,0.366281092166901
"452","Alexander","WY_Forest_Alexander_22_dep08_2022","2022",43.64729,-110.46736,"2022-09-13","2022-10-29",46,"Forest","Wild",4,0.0869565217391304,0.144095033407211
"453","Alexander","WY_Forest_Alexander_22_dep09_2022","2022",43.64007,-110.47413,"2022-09-13","2022-10-29",46,"Forest","Wild",3,0.0652173913043478,0.0136749148368835
"454","Alexander","WY_Forest_Craighead_20_01_2020","2020",43.6436,-110.5068,"2020-09-04","2020-10-17",43,"Forest","Wild",3,0.0697674418604651,0.288677096366882
"455","Alexander","WY_Forest_Craighead_20_02_2020","2020",43.652,-110.5072,"2020-09-04","2020-10-17",43,"Forest","Wild",15,0.348837209302326,0.453238874673843
"456","Alexander","WY_Forest_Craighead_20_03_2020","2020",43.6624,-110.4985,"2020-09-04","2020-10-17",43,"Forest","Wild",56,1.30232558139535,0.200955480337143
"457","Alexander","WY_Forest_Craighead_20_05_2020","2020",43.6448,-110.4936,"2020-09-04","2020-10-17",43,"Forest","Wild",5,0.116279069767442,0.252680957317352
"458","Alexander","WY_Forest_Craighead_20_06_2020","2020",43.6417,-110.5003,"2020-09-04","2020-10-17",43,"Forest","Wild",7,0.162790697674419,0.180195748806
"459","Alexander","WY_Forest_Craighead_20_07_2020","2020",43.6553,-110.4798,"2020-09-11","2020-10-21",40,"Forest","Wild",52,1.3,0.366281092166901
"460","Alexander","WY_Forest_Craighead_20_08_2020","2020",43.6457,-110.4657,"2020-09-10","2020-10-20",40,"Forest","Wild",20,0.5,0.144095033407211
"461","Alexander","WY_Forest_Craighead_20_09_2020","2020",43.6401,-110.4741,"2020-09-10","2020-10-20",40,"Forest","Wild",6,0.15,0.0136749148368835
"462","Alexander","WY_Forest_Craighead_20_10_2020","2020",43.6416,-110.479,"2020-09-10","2020-10-20",40,"Forest","Wild",4,0.1,0.0136749148368835
"463","Alexander","WY_Forest_Craighead_20_11_2020","2020",43.637,-110.4881,"2020-09-10","2020-10-20",40,"Forest","Wild",2,0.05,0.113627970218658
"464","Alexander","WY_Forest_Wild_Alexander_23_dep01_2023","2023",43.64430618,-110.5081281,"2023-09-11","2023-11-07",57,"Forest","Wild",3,0.0526315789473684,0.288677096366882
"465","Alexander","WY_Forest_Wild_Alexander_23_dep02_2023","2023",43.65151376,-110.5071142,"2023-09-11","2023-11-07",57,"Forest","Wild",6,0.105263157894737,0.453238874673843
"466","Alexander","WY_Forest_Wild_Alexander_23_dep03_2023","2023",43.66123117,-110.4974213,"2023-09-11","2023-11-07",57,"Forest","Wild",41,0.719298245614035,0.200955480337143
"467","Alexander","WY_Forest_Wild_Alexander_23_dep05_2023","2023",43.64480685,-110.493716,"2023-09-13","2023-11-09",57,"Forest","Wild",3,0.0526315789473684,0.180195748806
"468","Alexander","WY_Forest_Wild_Alexander_23_dep06_2023","2023",43.64157685,-110.5002437,"2023-09-11","2023-09-23",12,"Forest","Wild",1,0.0833333333333333,0.180195748806
"469","Alexander","WY_Forest_Wild_Alexander_23_dep07_2023","2023",43.65513977,-110.4790771,"2023-09-13","2023-11-09",57,"Forest","Wild",31,0.543859649122807,0.366281092166901
"470","Alexander","WY_Forest_Wild_Alexander_23_dep09_2023","2023",43.639821,-110.456402,"2023-09-13","2023-11-09",57,"Forest","Wild",19,0.333333333333333,0.382400840520859
"471","Baggs","WY_Grassland_Carbon_County_20_05_2020","2020",41.27278,-107.65516,"2020-09-13","2020-11-06",54,"Grassland","Wild",4,0.0740740740740741,0.194461196660995
"472","Baggs","WY_Grassland_Carbon_County_20_09_2020","2020",41.25946,-107.64845,"2020-09-13","2020-11-07",55,"Grassland","Wild",3,0.0545454545454545,0.266732454299927
"473","Baggs","WY_Grassland_Carbon_County_6_2019","2019",41.27078,-107.64914,"2019-09-07","2019-11-10",64,"Grassland","Wild",5,0.078125,0.175538390874863
"474","Baggs","WY_Grassland_Carbon_County_7_2019","2019",41.26739,-107.64914,"2019-09-07","2019-09-19",12,"Grassland","Wild",1,0.0833333333333333,0.175538390874863
"475","Baggs","WY_Grassland_Carbon_County_9_2019","2019",41.25946,-107.64845,"2019-09-07","2019-11-10",64,"Grassland","Wild",4,0.0625,0.266732454299927
"476","Baggs","WY_Grassland_Wild_Baggs_23_Location10_2023","2023",41.25634,-107.64667,"2023-10-09","2023-10-25",16,"Grassland","Wild",1,0.0625,0.266732454299927
"477","Baggs","WY_Grassland_Wild_Baggs_23_Location12_2023","2023",41.27611,-107.65685,"2023-09-02","2023-10-20",48,"Grassland","Wild",46,0.958333333333333,0.247104942798615
"478","Baggs","WY_Grassland_Wild_Baggs_23_Location1_2023","2023",41.28419,-107.66229,"2023-09-02","2023-09-17",15,"Grassland","Wild",2,0.133333333333333,0.247104942798615
"479","Baggs","WY_Grassland_Wild_Baggs_23_Location4_2023","2023",41.27828,-107.65648,"2023-09-02","2023-09-22",20,"Grassland","Wild",5,0.25,0.247104942798615
"480","Baggs","WY_Grassland_Wild_Baggs_23_Location5_2023","2023",41.27278,-107.65516,"2023-09-02","2023-10-25",53,"Grassland","Wild",3,0.0566037735849057,0.194461196660995
"481","Baggs","WY_Grassland_Wild_Baggs_23_Location6_2023","2023",41.27078,-107.65013,"2023-09-02","2023-10-25",53,"Grassland","Wild",3,0.0566037735849057,0.175538390874863
"482","Baggs","WY_Grassland_Wild_Baggs_23_Location7_2023","2023",41.26739,-107.64914,"2023-09-02","2023-09-07",5,"Grassland","Wild",1,0.2,0.175538390874863
"483","Baggs","WY_Grassland_Wild_Baggs_23_Location8_2023","2023",41.26388,-107.64718,"2023-09-02","2023-09-17",15,"Grassland","Wild",2,0.133333333333333,0.266732454299927
"484","Wuensch","WY_Grassland_Wuensch_22_003_2022","2022",44.81818,-109.21998,"2022-09-14","2022-10-21",37,"Grassland","Wild",14,0.378378378378378,0.355179250240326
"485","Wuensch","WY_Grassland_Wuensch_22_008_2022","2022",44.80767,-109.21261,"2022-09-14","2022-10-21",37,"Grassland","Wild",3,0.0810810810810811,0.315948724746704
"486","Wuensch","WY_Grassland_Wuensch_22_011_2022","2022",44.80255,-109.22312,"2022-09-14","2022-10-21",37,"Grassland","Wild",35,0.945945945945946,0.297187209129333
"487","Wuensch","WY_Grassland_Wuensch_22_015_2022","2022",44.83416,-109.20821,"2022-09-15","2022-10-21",36,"Grassland","Wild",6,0.166666666666667,0.48403599858284
"488","Wuensch","WY_Grassland_Wuensch_22_016_2022","2022",44.83816,-109.21047,"2022-09-14","2022-10-21",37,"Grassland","Wild",3,0.0810810810810811,0.612094342708588
"489","Wuensch","WY_Grassland_Wuensch_22_036_2022","2022",44.81132,-109.21228,"2022-09-14","2022-10-21",37,"Grassland","Wild",5,0.135135135135135,0.315948724746704
"490","Baggs","WY_grassland_wild_Baggs_22_Deployment12_2022","2022",41.27611,-107.65685,"2022-09-11","2022-11-02",52,"Grassland","Wild",3,0.0576923076923077,0.247104942798615
"491","Baggs","WY_grassland_wild_Baggs_22_Deployment13_2022","2022",41.26857,-107.62917,"2022-09-11","2022-11-02",52,"Grassland","Wild",3,0.0576923076923077,0.178105980157852
"492","Baggs","WY_grassland_wild_Baggs_22_Deployment14_2022","2022",41.29588,-107.64551,"2022-09-11","2022-11-02",52,"Grassland","Wild",9,0.173076923076923,0.159136056900024
"493","Baggs","WY_grassland_wild_Baggs_22_Deployment2_2022","2022",41.28229,-107.66082,"2022-08-11","2022-10-02",52,"Grassland","Wild",3,0.0576923076923077,0.247104942798615
"494","Baggs","WY_grassland_wild_Baggs_22_Deployment4_2022","2022",41.27828,-107.65648,"2022-09-11","2022-11-02",52,"Grassland","Wild",3,0.0576923076923077,0.247104942798615
"495","Baggs","WY_grassland_wild_Baggs_22_Deployment7_2022","2022",41.26739,-107.64914,"2022-09-11","2022-11-02",52,"Grassland","Wild",3,0.0576923076923077,0.175538390874863
"496","Baggs","WY_grassland_wild_Baggs_22_Deployment8_2022","2022",41.26388,-107.64718,"2022-09-11","2022-11-02",52,"Grassland","Wild",3,0.0576923076923077,0.266732454299927
